,City of London,Barking & Dagenham,Barnet,Bexley,Brent,Bromley,Camden,Croydon,Ealing,Enfield,Greenwich,Hackney,Hammersmith & Fulham,Haringey,Harrow,Havering,Hillingdon,Hounslow,Islington,Kensington & Chelsea,Kingston upon Thames,Lambeth,Lewisham,Merton,Newham,Redbridge,Richmond upon Thames,Southwark,Sutton,Tower Hamlets,Waltham Forest,Wandsworth,Westminster,,Inner London,Outer London,,NORTH EAST,NORTH WEST,YORKS & THE HUMBER,EAST MIDLANDS,WEST MIDLANDS,EAST OF ENGLAND,LONDON,SOUTH EAST,SOUTH WEST,,England
,E09000001,E09000002,E09000003,E09000004,E09000005,E09000006,E09000007,E09000008,E09000009,E09000010,E09000011,E09000012,E09000013,E09000014,E09000015,E09000016,E09000017,E09000018,E09000019,E09000020,E09000021,E09000022,E09000023,E09000024,E09000025,E09000026,E09000027,E09000028,E09000029,E09000030,E09000031,E09000032,E09000033,,E13000001,E13000002,,E12000001,E12000002,E12000003,E12000004,E12000005,E12000006,E12000007,E12000008,E12000009,,E92000001
Jan-95,11.7,22.9,20.2,24.8,16.9,21.9,15.7,23.9,19.4,22.9,19.6,13.1,17.1,16.7,21.7,24.5,22.3,21.6,15.0,13.9,18.9,15.4,17.8,19.3,19.2,22.2,18.4,15.2,23.3,14.7,18.1,16.0,13.6,,15.3,20.9,,35.9,32.3,32.9,29.6,30.6,24.8,18.5,24.2,25.7,,26.2
Feb-95,10.5,23.2,20.2,24.8,17.0,21.9,15.5,23.9,19.6,23.1,19.2,13.5,16.7,17.3,21.3,25.0,22.7,21.2,15.3,13.9,19.0,14.8,17.9,18.8,19.1,22.2,18.7,14.5,23.1,15.3,17.8,16.0,13.5,,14.8,20.9,,36.3,32.3,32.7,30.0,31.1,24.8,18.1,24.1,25.5,,26.2
Mar-95,10.1,23.3,20.0,24.6,17.0,21.8,15.6,23.8,19.7,22.8,19.3,13.5,16.5,17.2,21.4,25.0,22.4,21.5,15.2,13.9,19.0,15.0,17.7,19.0,19.2,22.3,18.1,14.7,22.9,15.7,18.0,15.7,13.5,,14.9,20.9,,36.2,32.7,33.2,29.5,31.2,24.6,18.3,24.2,25.2,,26.2
Apr-95,9.8,24.1,19.7,24.6,17.3,21.8,15.6,23.8,19.9,22.6,19.5,13.9,16.6,17.4,21.4,25.0,22.4,21.5,15.1,14.0,19.1,15.0,17.5,18.8,19.6,22.2,18.0,14.1,22.6,16.3,18.0,15.7,13.7,,15.0,20.8,,35.9,32.5,33.5,30.0,31.2,24.8,18.5,24.4,25.7,,26.4
May-95,10.8,24.1,19.6,24.4,17.4,21.9,15.6,23.8,19.9,22.3,20.0,14.1,17.0,17.4,21.5,24.7,22.1,21.7,15.3,14.6,19.2,15.6,17.2,19.1,20.1,22.3,18.2,14.4,22.7,16.3,18.2,15.6,13.7,,15.4,20.9,,36.9,32.5,32.9,29.9,31.7,24.7,18.7,24.4,25.7,,26.5
Jun-95,12.1,24.4,19.5,24.5,17.6,22.1,15.8,23.9,19.8,22.6,20.4,14.3,17.2,17.5,21.5,24.7,22.4,21.6,15.8,15.0,19.3,15.6,17.1,19.0,20.2,22.2,19.0,14.3,22.8,16.3,18.2,15.9,13.8,,15.6,21.0,,36.1,32.4,33.3,29.7,31.6,24.7,18.8,24.7,25.6,,26.5
Jul-95,14.1,23.7,19.8,24.3,17.5,22.2,16.1,23.9,20.0,22.7,20.6,14.6,17.0,17.7,21.6,24.7,22.6,22.0,16.1,15.1,19.3,15.8,17.1,19.1,19.9,22.4,19.3,15.0,23.0,15.9,18.3,16.2,13.7,,15.7,21.1,,36.9,32.4,33.4,30.0,31.4,25.1,18.9,24.6,25.5,,26.6
Aug-95,14.3,23.7,20.0,24.6,17.4,22.0,16.3,23.9,20.1,22.9,20.5,14.5,16.9,17.8,21.6,24.9,22.7,22.2,16.1,15.1,19.5,15.6,17.1,19.0,19.7,22.5,18.9,14.7,22.7,15.6,18.3,16.4,14.0,,15.7,21.1,,35.8,32.5,33.1,29.9,31.3,24.9,18.7,24.5,25.5,,26.4
Sep-95,13.3,23.4,20.2,24.6,17.4,21.8,15.7,24.0,19.9,22.7,20.2,14.6,16.8,18.0,21.4,24.5,22.3,22.2,16.2,15.0,19.9,15.9,17.3,19.0,19.6,22.5,18.6,14.2,22.7,15.3,18.2,16.5,13.9,,15.7,21.1,,35.7,32.4,32.9,29.8,31.1,24.6,18.6,24.3,25.5,,26.3
Oct-95,13.8,23.4,20.1,24.7,17.3,22.0,15.3,23.9,19.5,22.9,20.0,14.4,16.9,17.9,21.1,24.3,22.1,22.0,15.8,15.2,20.1,15.8,17.1,18.7,19.7,22.4,18.3,13.6,22.7,15.2,17.9,16.3,13.8,,15.5,20.9,,35.6,31.7,32.5,29.4,31.3,24.2,18.4,24.2,25.5,,26.1
Nov-95,15.0,23.1,19.7,24.4,17.2,22.1,15.0,23.8,19.2,22.8,20.1,14.3,16.6,17.8,21.1,23.8,21.7,21.8,15.4,15.2,19.8,15.4,17.1,18.8,19.5,22.3,18.4,13.8,23.0,15.3,18.2,16.2,13.5,,15.4,20.8,,35.6,31.9,32.4,29.3,30.6,24.5,18.4,24.3,25.3,,26.0
Dec-95,16.2,23.1,19.8,24.4,17.1,22.3,15.4,23.7,19.3,22.9,20.2,14.0,16.8,17.8,21.0,24.0,22.0,21.9,14.8,15.3,19.6,15.2,17.0,18.7,19.6,22.3,18.3,14.0,22.8,15.7,18.1,16.0,13.7,,15.4,20.8,,36.1,31.9,32.6,29.7,30.9,24.3,18.7,24.3,24.9,,26.1
Jan-96,13.9,23.1,19.7,24.4,17.2,22.0,15.5,23.5,19.5,22.6,19.7,14.1,17.3,17.9,21.3,24.3,22.0,21.9,14.5,15.1,19.3,15.6,17.0,19.1,19.6,22.4,18.7,14.7,22.8,16.6,18.3,16.1,13.7,,15.6,20.9,,34.8,31.3,31.9,29.0,30.2,24.1,18.7,24.2,25.1,,25.8
Feb-96,11.9,23.4,20.0,24.6,17.3,21.8,16.0,23.6,19.6,22.5,19.4,14.3,17.7,18.2,21.4,24.8,22.6,21.8,14.6,14.9,19.8,16.4,17.1,19.0,19.8,22.6,19.0,15.2,22.5,17.5,18.2,16.1,13.9,,15.8,21.0,,34.8,31.7,32.2,29.0,30.7,24.2,18.9,24.1,25.0,,25.9
Mar-96,12.0,23.6,19.8,24.8,17.2,21.9,16.2,23.6,19.6,22.6,19.7,14.4,18.4,18.2,21.6,24.8,22.6,21.4,14.6,15.0,19.8,16.3,17.2,18.9,19.8,22.7,19.3,15.4,22.7,17.1,18.2,16.3,13.6,,15.9,21.0,,35.6,31.7,32.2,29.4,30.8,24.1,18.8,24.1,25.2,,26.0
Apr-96,15.4,23.5,20.0,24.9,17.1,21.9,16.8,23.9,19.7,22.9,20.4,14.3,18.0,18.3,21.5,24.6,22.7,21.4,15.3,15.3,20.2,16.2,17.5,19.3,19.7,23.0,19.4,15.6,22.6,16.4,18.1,16.3,13.8,,16.0,21.1,,35.5,31.9,32.7,29.7,30.7,24.5,19.1,24.5,25.7,,26.3
May-96,14.3,23.5,19.7,24.9,17.3,22.1,17.6,23.8,19.8,23.3,20.9,14.3,17.9,18.5,21.7,24.5,22.5,21.7,15.8,15.4,20.1,16.2,17.7,19.7,19.6,22.9,19.7,15.4,23.0,16.1,18.0,16.5,13.6,,16.1,21.2,,36.7,32.3,33.0,29.8,31.6,24.6,19.2,24.7,25.8,,26.5
Jun-96,14.6,23.1,19.9,24.9,17.4,22.2,18.7,23.9,20.0,23.5,21.0,14.7,17.5,18.6,21.9,24.7,22.6,22.2,16.2,15.2,20.6,16.7,17.7,19.9,19.6,23.1,19.8,15.7,23.4,16.6,18.1,16.6,14.2,,16.3,21.4,,36.6,32.2,33.1,30.0,31.4,24.8,19.4,24.9,25.9,,26.7
Jul-96,12.4,23.0,20.0,24.9,17.9,22.6,19.2,24.0,20.4,23.6,20.6,15.1,17.9,18.6,22.0,24.9,22.8,22.4,16.3,15.8,20.5,16.7,17.7,19.5,19.8,23.2,20.1,15.7,23.7,17.0,18.3,16.8,14.3,,16.5,21.5,,36.5,32.6,33.5,30.3,31.8,25.0,19.6,25.3,26.3,,27.0
Aug-96,14.6,23.2,20.7,25.2,18.2,22.6,18.5,24.4,20.6,23.8,20.8,15.3,18.3,18.5,22.0,25.2,23.0,22.0,16.3,15.9,20.7,16.5,17.5,19.5,20.1,23.7,19.8,15.7,23.6,17.2,18.5,17.2,14.8,,16.7,21.7,,37.0,32.8,33.4,30.6,32.3,25.4,19.6,25.4,26.4,,27.2
Sep-96,13.8,23.6,21.1,25.4,18.6,22.7,17.7,24.5,20.8,24.0,20.8,15.3,18.2,18.4,22.3,25.5,23.2,22.3,16.2,16.8,20.7,16.5,17.8,20.0,20.6,23.8,20.0,15.9,23.5,17.8,18.5,17.1,14.6,,16.7,21.9,,36.8,32.8,33.1,30.5,32.0,25.2,19.8,25.4,26.5,,27.1
Oct-96,12.6,23.9,21.2,25.5,18.4,22.9,17.4,24.7,20.8,24.0,21.1,15.2,18.2,18.7,22.5,25.6,23.3,22.1,16.3,16.5,20.9,16.4,17.9,20.6,20.7,23.7,20.3,15.8,23.6,18.0,18.5,17.0,14.8,,16.7,22.0,,36.3,32.7,33.0,30.3,32.1,25.3,19.7,25.3,26.7,,27.1
Nov-96,12.7,23.7,21.1,25.3,18.4,23.0,17.4,24.7,20.9,24.0,21.0,15.1,18.3,19.1,22.6,25.4,23.6,22.4,16.3,17.0,21.0,16.6,18.0,21.0,20.7,23.5,20.5,16.5,24.0,18.3,18.6,16.8,14.7,,16.8,22.1,,36.5,32.7,33.5,30.8,32.5,25.6,19.9,25.7,26.9,,27.4
Dec-96,13.6,24.5,21.1,25.4,18.5,23.1,17.5,25.0,21.1,24.3,21.0,14.9,18.7,19.6,23.0,25.4,23.9,22.9,16.7,16.3,21.1,16.9,18.0,21.0,20.7,23.6,20.6,16.5,24.2,18.1,18.8,17.0,15.1,,16.9,22.3,,36.4,32.8,33.2,31.0,32.4,25.8,20.2,26.0,26.8,,27.5
Jan-97,14.8,24.7,21.4,25.7,18.8,23.3,17.7,25.0,21.4,24.6,21.5,14.9,18.9,19.8,23.1,25.8,24.4,23.4,17.2,17.1,21.5,17.7,18.1,21.1,21.0,24.0,20.7,16.5,24.4,18.3,18.9,17.3,15.4,,17.3,22.5,,36.2,32.4,33.0,30.4,32.2,25.9,20.6,26.1,27.1,,27.5
Feb-97,14.2,25.2,21.7,26.0,19.2,23.7,18.4,25.0,21.8,24.7,21.4,15.0,18.7,19.9,23.5,26.4,24.5,23.1,17.5,17.6,21.7,17.9,18.3,21.3,21.1,24.4,21.0,16.1,24.3,19.8,19.1,17.9,15.7,,17.6,22.8,,36.3,32.9,32.9,30.8,32.4,26.1,20.7,26.3,27.2,,27.7
Mar-97,13.7,25.0,21.9,25.9,19.5,24.1,18.6,25.0,22.1,24.8,21.8,15.4,18.7,20.0,23.6,26.6,24.7,23.2,18.0,18.1,22.0,17.9,18.6,21.6,21.2,24.4,21.4,16.4,24.8,20.3,19.2,18.3,16.2,,17.9,23.0,,36.5,33.1,33.3,31.1,32.8,26.2,21.0,26.7,27.5,,28.0
Apr-97,13.8,25.1,21.9,26.2,19.6,24.1,18.7,25.5,22.3,25.2,21.8,16.2,19.1,19.9,24.1,26.8,24.6,24.2,18.3,18.2,22.2,17.6,18.7,21.9,21.3,24.4,21.7,16.9,24.8,21.5,19.4,18.6,16.6,,18.2,23.2,,37.5,33.0,34.0,31.7,33.1,26.4,21.4,27.2,28.0,,28.4
May-97,14.7,25.0,22.4,26.5,19.6,24.5,19.3,25.9,22.7,25.8,22.4,16.9,20.0,20.4,24.6,26.8,25.0,25.1,18.6,18.0,22.8,18.4,18.9,22.1,21.4,24.8,22.0,17.6,25.6,21.1,19.6,19.2,17.0,,18.6,23.6,,37.6,33.6,34.2,31.9,33.8,27.0,22.0,27.7,28.1,,28.8
Jun-97,15.1,25.1,22.7,27.0,19.8,24.7,19.3,26.6,23.2,26.5,22.3,17.1,20.7,20.5,24.9,26.9,25.5,25.2,18.9,18.8,22.9,19.3,19.1,22.4,21.6,25.4,22.7,18.3,26.1,21.6,19.9,19.7,16.9,,19.0,24.0,,38.1,34.1,34.4,31.9,33.9,27.5,22.2,28.1,28.5,,29.2
Jul-97,14.9,25.3,23.2,27.2,20.7,25.4,19.3,27.2,24.2,26.9,22.9,17.2,20.9,21.2,25.6,27.2,26.2,25.5,19.1,19.4,23.5,20.9,19.7,22.9,21.8,25.7,23.3,18.3,26.8,21.5,20.5,20.4,16.9,,19.4,24.6,,38.9,34.0,34.5,32.7,34.2,28.1,22.9,28.6,28.9,,29.6
Aug-97,14.5,25.7,23.6,27.6,21.3,25.9,18.9,27.9,24.8,27.3,23.2,17.1,21.7,21.1,26.3,27.7,26.6,25.8,19.2,19.6,23.8,20.8,20.1,23.2,22.3,26.1,23.6,18.7,27.1,21.6,20.8,20.3,17.2,,19.5,25.0,,38.2,34.5,34.7,32.9,34.9,28.3,22.9,29.2,29.4,,29.9
Sep-97,14.7,25.6,24.4,27.8,21.6,26.5,19.7,28.3,25.5,27.4,23.8,17.5,22.4,21.8,27.0,28.5,27.1,26.5,19.3,19.5,24.6,21.0,20.3,23.3,22.5,26.5,24.3,19.1,27.4,21.7,21.0,20.5,17.7,,19.9,25.5,,37.4,34.5,34.7,32.8,34.6,28.5,23.4,29.5,29.6,,30.1
Oct-97,15.5,26.0,24.8,28.0,21.8,26.9,20.5,28.5,25.6,27.8,23.9,17.5,22.8,22.0,27.3,28.8,27.4,26.4,19.4,19.2,24.7,20.2,20.4,23.0,22.8,27.0,24.6,19.3,27.8,21.6,20.9,20.3,17.9,,19.9,25.7,,37.6,34.2,34.2,32.6,34.2,28.9,23.3,29.9,29.6,,30.1
Nov-97,16.7,26.2,25.0,28.1,22.0,27.1,21.7,28.8,25.5,27.8,23.7,17.7,22.4,22.3,27.6,29.0,27.8,26.9,19.7,19.7,25.3,20.7,20.4,23.4,22.9,27.2,25.4,18.5,28.4,21.7,21.1,20.8,18.0,,20.1,26.0,,37.6,34.3,34.4,33.1,34.5,28.7,23.6,30.2,30.1,,30.3
Dec-97,16.6,26.4,25.0,28.5,22.2,27.1,21.9,29.0,25.6,28.5,23.7,17.3,22.4,22.3,27.8,29.0,28.2,27.3,19.8,20.2,25.9,21.1,20.8,24.2,23.1,27.9,25.7,18.2,28.7,22.0,21.4,20.9,17.8,,20.2,26.3,,37.9,34.0,33.9,32.8,35.0,29.0,24.0,30.1,29.8,,30.3
Jan-98,15.9,26.2,25.1,29.4,22.2,27.4,22.0,29.3,26.1,28.6,24.2,17.8,23.0,22.2,27.9,29.3,28.3,27.9,19.9,20.5,26.5,21.8,21.3,24.8,23.4,28.2,25.7,18.4,29.2,22.1,21.7,21.5,18.4,,20.6,26.6,,37.8,34.0,34.3,33.0,34.8,29.3,24.3,30.2,30.1,,30.5
Feb-98,18.4,26.1,25.4,29.8,22.5,27.8,21.1,29.6,26.0,29.1,24.9,17.6,23.5,22.3,27.9,29.8,28.2,28.7,20.1,20.6,26.2,22.1,21.6,24.6,23.5,28.7,25.5,18.8,29.2,22.3,21.8,21.5,18.5,,20.7,26.8,,37.1,33.7,34.4,32.8,34.7,29.2,24.1,30.3,30.0,,30.4
Mar-98,20.0,26.3,25.8,30.2,22.7,28.1,21.3,29.7,26.0,29.0,25.1,17.9,23.8,22.8,28.3,29.8,28.2,28.8,20.2,20.2,25.7,21.9,21.6,24.9,23.6,28.4,25.3,19.2,29.4,22.5,21.6,22.0,19.4,,21.0,26.8,,38.2,34.0,34.2,32.9,34.8,29.3,24.6,30.7,30.5,,30.7
Apr-98,20.9,26.9,26.1,30.0,23.1,28.2,21.5,29.8,26.0,29.2,25.2,17.7,24.0,23.1,28.6,30.3,28.7,29.4,20.6,20.6,25.7,22.1,22.0,25.0,23.6,28.5,25.9,19.9,29.2,23.2,21.5,22.5,19.9,,21.4,27.0,,38.4,35.0,34.8,33.8,35.4,30.0,25.1,31.4,31.1,,31.4
May-98,18.3,27.4,26.6,30.3,23.7,28.4,22.0,29.9,26.7,29.0,25.6,18.4,23.7,23.8,29.3,30.6,29.3,29.2,21.4,20.8,26.3,22.5,22.3,25.5,23.9,28.6,26.1,20.0,29.4,23.6,21.8,23.1,20.3,,21.7,27.4,,38.6,35.6,35.2,34.1,35.8,30.5,25.1,31.7,31.5,,31.7
Jun-98,16.9,27.5,26.5,30.7,24.0,28.8,22.4,30.1,27.3,28.9,26.1,18.6,23.6,24.0,29.4,31.2,29.7,29.9,22.7,21.1,27.3,23.8,22.5,25.6,24.3,29.2,26.8,20.9,29.6,23.9,22.5,22.8,19.6,,22.0,27.8,,39.2,35.3,35.1,34.1,36.2,30.7,25.5,32.1,31.3,,31.9
Jul-98,17.9,27.5,26.9,31.2,24.3,29.2,22.8,30.5,27.6,29.3,26.1,19.5,24.1,24.2,30.2,31.3,29.7,30.1,23.3,20.7,27.7,24.5,22.8,25.6,24.6,29.4,27.0,20.9,30.0,23.7,22.8,22.8,19.4,,22.2,28.1,,39.1,35.6,35.7,34.5,36.4,31.1,25.9,32.5,32.3,,32.3
Aug-98,19.0,27.6,27.1,31.2,24.4,29.9,22.9,30.9,27.8,29.8,26.1,19.1,25.0,24.5,30.4,31.4,30.1,30.6,23.3,20.6,28.2,24.8,22.8,26.2,24.8,29.5,27.9,21.4,30.1,24.2,22.7,22.9,19.1,,22.4,28.4,,39.8,35.4,35.8,34.8,36.8,31.2,25.8,32.8,32.4,,32.4
Sep-98,19.5,27.9,27.2,31.4,24.6,30.2,22.5,31.5,27.8,30.2,26.1,19.6,25.1,24.3,30.5,31.3,30.3,30.9,23.0,20.3,28.3,24.5,23.0,26.0,24.9,29.4,28.8,21.0,30.3,24.1,22.6,23.5,20.0,,22.5,28.5,,39.7,35.5,35.3,34.6,36.4,31.4,26.0,32.7,32.0,,32.3
Oct-98,20.7,28.2,27.2,31.6,24.7,30.2,22.4,31.6,27.7,30.1,25.9,18.9,24.2,24.3,30.0,31.2,30.5,30.9,22.4,20.0,28.5,24.3,22.3,26.1,25.0,29.7,30.1,21.2,30.8,24.4,22.7,23.2,20.1,,22.3,28.7,,38.9,35.4,35.4,34.4,36.4,31.3,25.9,32.8,32.0,,32.3
Nov-98,19.4,28.3,27.1,32.0,24.8,30.1,22.7,31.7,27.7,30.0,26.2,19.5,23.8,23.9,30.0,31.5,30.6,30.5,22.3,19.5,28.6,24.1,22.1,25.7,25.0,29.6,30.4,21.6,30.9,24.8,22.8,23.3,20.1,,22.3,28.7,,38.8,35.3,34.6,34.3,36.3,31.2,25.9,32.8,32.4,,32.2
Dec-98,19.9,28.8,27.3,31.8,24.7,30.3,22.5,31.8,27.3,30.0,26.7,20.0,23.5,23.5,30.1,32.1,30.9,30.2,21.9,20.3,28.2,24.3,22.1,25.5,25.4,29.6,30.1,22.0,31.0,25.6,23.1,22.8,19.3,,22.3,28.7,,39.3,35.6,35.2,34.6,36.4,31.2,26.0,32.8,32.1,,32.3
Jan-99,19.0,29.3,27.4,31.7,24.9,30.2,22.2,31.6,27.4,30.0,27.3,21.2,24.3,23.6,30.4,32.2,30.9,30.2,21.9,21.2,28.1,24.1,22.8,25.7,25.0,29.6,29.5,22.4,30.9,26.4,23.1,22.8,19.3,,22.5,28.8,,38.8,35.0,34.9,34.5,36.7,31.5,26.2,33.0,32.6,,32.4
Feb-99,21.0,29.2,27.5,31.7,25.0,30.0,22.5,31.5,27.6,30.1,27.1,21.1,24.3,23.8,30.5,32.1,30.8,30.5,22.4,22.0,27.7,24.3,23.3,25.8,25.2,29.9,28.9,22.9,30.8,25.8,23.2,22.2,20.3,,22.7,28.7,,37.5,34.9,34.9,34.3,36.3,31.6,26.1,33.0,32.6,,32.3
Mar-99,22.3,28.9,27.5,31.8,25.4,30.2,23.2,31.7,27.9,30.2,26.8,21.0,24.7,24.1,30.8,32.0,31.0,30.7,23.2,21.7,28.0,24.2,23.4,27.0,25.0,30.2,28.6,23.3,30.9,25.3,23.3,23.0,21.0,,23.0,28.9,,38.8,35.3,35.3,34.9,36.8,31.5,26.7,33.2,33.3,,32.7
Apr-99,24.4,28.9,27.7,32.2,25.1,30.8,23.8,32.4,28.8,30.8,26.7,21.0,25.0,24.5,31.1,32.5,31.3,31.2,24.3,21.6,28.4,24.9,23.6,27.4,25.5,30.5,28.5,23.5,31.0,24.9,23.5,23.6,21.3,,23.3,29.2,,39.3,36.3,35.6,36.1,37.3,32.2,27.2,33.9,33.6,,33.3
May-99,24.4,29.3,28.0,32.3,25.1,31.6,23.5,32.9,29.5,31.5,27.4,21.3,25.7,25.0,31.0,32.8,32.0,31.9,24.7,22.2,29.2,25.5,24.1,28.1,25.7,30.8,28.8,23.2,31.5,25.9,23.9,25.1,21.2,,23.8,29.7,,39.4,36.8,36.4,35.8,37.7,32.5,27.6,34.3,34.1,,33.7
Jun-99,23.7,29.4,28.7,32.5,25.4,32.2,24.1,33.2,30.1,32.0,27.8,21.9,26.5,25.8,31.5,33.3,32.6,33.1,25.1,22.9,29.8,25.6,24.7,28.3,26.3,31.1,29.3,23.0,32.2,26.8,24.1,25.9,21.2,,24.3,30.2,,40.7,36.9,36.6,36.0,38.4,33.2,28.1,34.9,34.6,,34.2
Jul-99,20.9,29.5,29.5,32.7,26.2,32.6,24.9,33.5,30.6,32.4,28.5,22.2,27.3,26.9,32.0,33.5,33.2,34.0,25.3,23.6,30.6,26.6,24.9,28.8,26.8,31.4,30.2,23.3,32.8,27.9,24.8,27.3,21.7,,25.0,30.7,,40.8,37.4,36.5,36.8,38.9,33.8,29.1,35.5,35.2,,34.8
Aug-99,20.5,29.7,30.3,33.0,27.0,33.1,25.8,33.8,31.6,33.0,28.9,23.1,28.3,27.9,33.1,33.8,33.5,35.2,26.1,24.2,31.2,27.3,25.4,29.6,27.2,32.0,31.2,24.6,33.4,28.4,25.0,28.4,22.0,,25.8,31.4,,40.7,37.7,37.2,37.2,39.4,34.3,29.6,36.5,35.7,,35.3
Sep-99,21.2,30.0,31.1,33.9,27.7,33.7,26.4,34.4,32.7,33.4,29.8,23.5,29.0,29.0,33.8,34.0,33.9,35.6,27.0,25.4,31.9,28.4,25.7,30.2,27.8,32.4,32.0,26.7,33.8,29.7,25.7,29.2,23.2,,26.7,32.0,,40.7,37.9,37.0,37.2,39.4,35.0,30.4,37.4,36.7,,35.9
Oct-99,20.9,30.2,31.5,34.6,28.2,34.3,26.9,35.3,33.3,34.1,30.4,23.9,29.4,28.7,34.6,34.4,34.5,35.7,27.4,26.0,32.7,28.5,26.5,30.8,28.5,33.2,32.4,28.0,34.4,30.2,26.1,29.2,23.3,,27.1,32.6,,41.8,37.8,37.0,37.4,39.8,35.2,30.5,37.8,37.1,,36.1
Nov-99,22.3,30.6,32.0,35.4,29.0,34.9,27.2,36.3,33.6,34.7,31.1,24.5,30.3,28.2,35.0,35.0,35.4,36.1,27.6,26.8,33.2,28.7,26.9,31.2,29.0,34.1,33.8,27.8,35.4,30.8,27.0,29.1,24.0,,27.4,33.3,,41.6,38.1,37.4,37.9,40.0,36.0,31.2,38.3,37.5,,36.6
Dec-99,21.6,31.3,32.4,35.9,29.2,35.3,27.3,37.2,34.4,34.9,31.6,25.1,31.0,28.5,35.4,35.5,36.4,36.9,27.8,27.0,33.9,29.3,27.3,31.7,29.6,34.8,34.6,27.3,36.4,31.1,27.2,29.2,24.3,,27.7,33.8,,41.2,38.3,37.2,38.0,40.3,36.7,31.8,39.0,38.1,,37.0
Jan-00,22.2,32.3,33.3,36.3,30.0,35.9,28.3,37.8,35.0,35.3,32.3,25.8,31.3,29.4,36.1,36.3,36.5,38.3,28.3,27.1,34.4,29.9,28.1,32.4,30.1,35.4,35.4,27.3,37.4,31.5,27.7,29.9,24.8,,28.2,34.5,,40.6,37.6,37.1,37.8,40.2,36.9,32.4,39.4,38.2,,37.1
Feb-00,22.2,33.0,34.0,37.0,30.6,36.9,29.6,38.4,35.2,35.7,32.1,26.1,31.4,29.9,36.6,36.9,37.1,38.6,28.8,26.8,35.4,30.8,29.0,33.4,30.7,35.7,34.9,29.1,38.0,31.6,27.9,30.8,25.5,,28.9,35.0,,40.8,37.5,37.1,38.1,40.4,36.8,32.9,39.5,38.8,,37.3
Mar-00,22.8,33.5,34.7,37.6,31.7,37.8,30.0,38.7,35.5,36.8,31.9,25.9,31.9,30.3,37.2,37.5,37.4,38.9,29.4,27.5,36.0,31.0,29.9,34.2,31.2,36.3,35.4,29.6,38.3,31.9,28.6,31.9,25.6,,29.4,35.6,,41.5,38.5,37.3,38.5,40.7,37.6,33.3,40.7,39.6,,38.0
Apr-00,23.4,33.5,35.3,38.0,32.5,38.8,31.1,39.7,36.3,37.4,32.8,26.2,33.4,31.1,37.5,38.3,38.5,39.4,30.4,28.7,37.0,32.3,30.7,34.9,32.0,36.7,36.7,30.1,38.9,33.4,29.3,33.1,26.7,,30.4,36.3,,42.2,39.4,38.6,39.6,42.0,39.1,34.9,42.3,40.8,,39.3
May-00,22.3,34.1,35.9,38.7,33.1,39.6,32.3,40.8,37.2,38.3,33.8,27.3,33.7,31.5,38.6,39.1,39.2,40.0,31.1,29.1,37.8,32.9,30.5,35.6,32.7,37.8,38.0,29.8,40.3,34.9,30.2,33.3,26.7,,30.8,37.2,,42.5,39.4,38.9,40.0,42.4,39.9,35.0,42.7,41.4,,39.6
Jun-00,25.3,35.0,36.6,39.2,33.7,40.3,34.0,41.6,37.6,38.9,35.0,28.8,33.6,32.6,39.4,39.9,39.8,41.4,31.7,28.3,38.6,34.0,31.6,35.9,33.5,38.0,39.2,30.8,41.9,35.9,30.8,33.8,27.3,,31.6,37.9,,41.8,39.3,39.4,40.6,43.0,40.1,35.6,43.7,42.0,,40.1
Jul-00,27.4,35.8,37.0,39.9,34.0,40.6,34.4,42.0,38.0,39.5,35.8,29.6,33.4,33.1,40.1,40.1,40.5,42.3,32.6,29.3,38.8,33.6,31.8,36.9,34.5,38.9,39.1,31.9,42.5,35.9,31.0,34.3,26.9,,32.0,38.4,,43.0,39.9,39.7,41.3,43.4,41.1,36.3,44.0,42.8,,40.7
Aug-00,28.3,36.4,37.7,40.8,34.1,41.1,34.1,41.9,38.5,39.8,36.3,30.3,35.0,34.0,40.4,40.2,41.0,43.4,32.4,29.6,39.4,34.3,32.9,37.5,35.1,39.1,39.9,33.3,42.5,35.8,31.4,35.4,27.4,,32.6,38.8,,43.3,40.4,39.8,41.7,44.0,41.7,36.6,44.8,43.3,,41.2
Sep-00,28.5,37.2,38.1,41.3,34.7,41.3,33.6,42.6,38.5,39.9,37.2,30.4,35.2,33.6,40.2,40.4,41.7,43.0,32.3,30.3,39.7,35.1,33.1,37.8,35.2,40.1,40.2,34.7,42.6,36.1,32.0,35.2,27.5,,32.9,39.2,,42.2,40.4,40.3,42.2,44.0,41.9,36.6,44.6,43.5,,41.2
Oct-00,31.3,37.5,38.3,41.4,35.3,41.2,32.4,43.2,38.1,40.4,36.5,30.1,35.5,32.8,40.5,40.9,41.7,41.8,31.9,28.3,40.2,35.7,33.5,37.0,34.8,40.4,41.1,35.6,43.0,36.1,32.2,34.1,27.2,,32.6,39.3,,42.3,40.6,40.1,41.6,43.7,41.4,36.1,44.7,43.5,,41.0
Nov-00,41.1,37.4,38.0,41.3,35.1,41.1,32.6,43.3,38.0,40.3,36.5,29.6,35.0,33.0,40.7,41.4,42.0,41.0,32.8,29.5,40.1,36.6,33.5,36.6,35.1,40.4,40.7,35.2,43.2,36.9,32.0,33.6,26.9,,32.8,39.3,,41.8,40.7,39.7,42.0,44.5,41.7,36.7,44.5,43.5,,41.2
Dec-00,40.2,37.1,38.0,41.7,35.1,41.0,32.9,43.5,38.2,40.3,36.1,29.3,35.8,32.8,41.0,41.9,41.7,41.1,33.4,29.9,40.2,36.4,33.0,36.3,35.8,40.3,40.3,34.3,42.9,36.3,31.9,33.9,27.5,,32.8,39.2,,43.0,41.2,40.2,42.5,44.9,42.1,36.6,44.9,43.2,,41.5
Jan-01,36.3,37.4,38.0,42.5,35.1,41.2,34.5,44.1,38.7,39.8,36.3,29.6,35.5,33.9,41.0,41.7,41.8,42.7,33.2,31.0,40.1,36.5,33.1,36.9,36.5,40.4,38.8,34.6,42.4,36.9,31.9,34.8,28.9,,33.4,39.3,,42.5,41.1,40.4,42.8,44.8,42.3,37.1,44.8,43.3,,41.6
Feb-01,25.3,37.8,38.6,42.6,35.5,41.3,34.8,44.6,39.0,40.4,36.9,30.2,35.8,34.0,41.0,42.2,41.9,43.7,32.8,30.1,40.2,35.3,33.4,37.2,36.8,40.8,38.9,34.7,42.2,36.7,32.3,35.4,29.1,,33.4,39.7,,41.9,40.7,39.7,42.7,45.0,42.3,37.2,45.0,43.6,,41.5
Mar-01,24.1,38.2,38.6,43.0,35.6,41.6,35.5,44.2,39.7,40.6,37.7,31.4,35.7,34.4,41.4,42.3,42.0,44.2,33.5,30.9,39.8,35.3,33.7,38.0,36.6,40.9,38.7,35.0,42.5,38.0,32.3,35.5,28.9,,33.7,39.9,,42.3,40.9,40.1,42.9,45.8,42.9,37.5,45.6,44.5,,42.0
Apr-01,26.2,38.2,38.8,42.7,35.9,42.1,34.9,43.3,40.1,41.3,38.7,32.0,36.4,34.6,41.8,43.0,42.0,44.1,34.6,31.8,40.2,35.6,33.6,38.2,37.0,41.4,38.9,34.9,43.0,38.6,32.8,35.9,28.3,,34.0,40.2,,44.2,42.3,41.2,44.2,46.9,43.7,37.9,46.7,45.9,,43.1
May-01,28.5,38.7,38.7,42.9,36.6,42.5,35.1,43.6,40.7,41.7,39.1,32.7,36.4,35.5,42.4,43.2,42.3,45.0,36.0,31.8,40.7,37.3,34.2,38.3,37.7,42.1,38.8,36.6,43.8,39.5,33.4,37.0,29.4,,34.9,40.6,,44.7,42.4,42.1,44.9,47.6,44.6,39.0,47.2,46.3,,43.7
Jun-01,30.9,39.4,39.3,43.5,36.9,42.9,35.3,44.7,40.9,42.7,39.2,33.0,37.3,36.5,43.2,44.2,43.2,45.2,36.4,32.2,41.6,37.9,35.0,38.8,38.3,43.0,39.6,38.1,44.1,40.1,34.3,37.5,30.0,,35.6,41.2,,44.6,43.6,42.5,45.6,47.9,45.1,39.4,48.2,46.9,,44.4
Jul-01,29.4,40.5,39.9,44.7,37.3,43.4,36.4,46.0,41.2,43.1,39.6,33.2,37.9,36.9,44.0,44.8,44.2,46.3,37.0,33.1,42.3,38.3,35.9,39.8,38.4,43.8,41.6,38.2,44.9,40.7,34.9,38.0,31.1,,36.1,42.0,,45.5,44.2,43.0,46.1,48.2,46.1,40.0,49.0,48.2,,45.1
Aug-01,29.6,41.1,40.7,45.6,38.0,44.2,37.3,46.9,42.1,44.0,40.1,33.6,38.7,37.5,44.9,45.6,45.0,47.1,37.1,34.3,42.7,38.5,36.5,40.6,39.3,44.4,42.7,37.4,45.3,41.2,35.9,37.8,31.7,,36.5,42.8,,47.3,44.6,43.9,47.0,49.6,47.3,40.9,49.7,49.1,,46.0
Sep-01,29.3,42.1,41.4,46.3,38.6,44.8,37.4,47.5,43.1,44.7,41.3,33.5,38.3,37.3,45.3,46.5,45.5,48.3,37.2,33.4,43.6,38.5,37.2,40.4,40.4,45.3,43.0,37.1,46.4,41.5,36.9,38.3,32.2,,36.7,43.5,,45.9,45.0,44.1,47.3,49.6,47.5,40.9,50.1,49.6,,46.2
Oct-01,33.7,42.5,42.1,46.6,38.9,45.6,37.5,48.0,43.6,45.4,41.9,34.1,38.0,38.0,45.6,47.3,46.0,48.1,36.9,32.3,43.6,38.2,38.3,40.8,42.1,46.2,42.4,37.7,47.2,41.8,38.1,38.4,31.8,,37.0,44.1,,46.3,45.0,43.7,47.7,49.6,47.8,41.3,50.6,50.2,,46.4
Nov-01,44.2,43.6,43.0,47.1,38.8,45.8,37.8,48.5,43.1,45.9,42.4,34.2,37.6,37.5,45.9,47.6,46.4,47.9,36.7,31.4,44.0,37.9,38.3,41.3,42.8,47.2,42.3,38.5,48.0,42.2,38.8,37.9,31.0,,36.9,44.5,,46.7,45.2,44.4,48.4,50.3,48.4,41.5,51.1,50.4,,46.9
Dec-01,46.2,43.9,43.5,46.8,39.2,46.3,37.9,49.0,43.0,45.7,42.5,34.7,37.9,38.5,46.5,47.6,47.1,47.5,36.5,31.4,43.9,38.5,38.6,42.0,43.3,47.2,42.4,38.5,48.2,41.6,39.4,38.1,31.5,,37.2,44.7,,47.7,45.8,44.9,49.1,50.9,48.9,41.6,51.5,50.5,,47.3
Jan-02,43.9,44.9,44.1,47.5,39.9,46.4,37.7,49.5,43.2,45.8,42.3,35.2,38.3,38.0,47.2,47.8,47.2,48.9,36.7,31.0,44.4,40.3,38.7,42.5,44.1,47.3,42.3,38.8,48.5,41.8,39.3,38.2,31.2,,37.4,45.0,,46.7,45.5,44.7,49.0,50.8,49.2,42.2,51.8,51.2,,47.4
Feb-02,36.2,45.5,43.9,47.6,40.5,46.4,37.6,50.1,44.1,45.9,42.6,35.1,38.1,38.3,47.8,48.3,47.8,49.2,37.6,31.0,44.3,40.4,39.3,42.7,44.5,47.3,41.6,39.1,49.0,42.5,39.9,38.2,32.2,,37.7,45.3,,46.9,45.3,45.5,49.7,51.0,49.7,42.3,51.7,51.5,,47.7
Mar-02,32.4,46.2,44.4,48.4,40.5,46.4,37.6,50.6,45.0,46.5,43.9,35.7,38.1,38.8,48.2,49.1,48.0,49.5,38.6,31.6,44.3,40.6,39.7,43.4,44.9,47.9,42.4,39.2,49.0,43.5,40.0,38.6,32.0,,38.0,45.8,,48.2,46.8,46.2,50.9,52.6,50.7,42.9,52.6,53.2,,48.8
Apr-02,31.3,47.2,45.1,48.8,40.7,46.6,38.6,51.4,46.2,47.2,45.4,35.2,38.8,39.9,48.7,49.3,49.3,49.2,39.8,33.6,45.1,40.0,39.9,43.7,45.4,49.0,43.0,40.2,49.4,44.1,40.6,40.1,33.3,,38.8,46.4,,49.7,47.5,47.5,52.1,53.9,52.6,44.2,53.6,54.2,,50.0
May-02,29.0,48.1,46.5,50.2,41.5,47.7,40.1,52.6,46.9,47.9,46.8,36.4,40.1,41.5,49.5,50.9,50.3,50.0,40.0,35.6,46.2,41.1,40.3,44.5,46.6,50.0,44.6,40.9,50.2,44.5,41.0,41.7,34.0,,39.8,47.4,,51.4,49.5,49.0,53.8,55.5,53.9,45.4,55.1,55.8,,51.5
Jun-02,32.3,49.4,47.6,51.2,43.1,49.0,41.5,53.5,47.8,49.0,45.9,37.3,41.4,42.5,50.6,52.4,51.6,51.4,40.3,37.1,47.1,42.2,40.7,45.2,48.3,51.2,45.4,41.8,52.3,45.8,42.1,43.0,35.6,,40.9,48.5,,52.0,50.3,50.6,55.0,57.1,54.8,46.2,56.3,57.5,,52.7
Jul-02,33.5,50.9,49.2,52.4,44.4,50.5,42.0,54.5,48.3,50.5,46.4,39.5,42.9,44.4,52.0,54.4,52.4,52.6,40.4,37.9,47.5,43.6,42.0,46.4,49.3,52.3,46.2,41.7,53.9,46.3,43.7,43.4,36.2,,41.8,49.7,,54.0,52.0,51.6,57.4,58.3,56.7,47.5,57.8,59.4,,54.2
Aug-02,35.0,52.5,50.0,53.4,45.5,51.9,42.2,55.6,49.5,51.6,47.1,40.4,43.4,45.5,53.5,55.6,53.6,53.6,41.1,37.3,48.4,45.4,43.2,47.5,51.2,54.0,48.2,42.3,55.1,47.0,45.0,44.4,36.2,,42.7,50.9,,55.5,52.8,52.9,59.3,60.0,58.2,48.5,59.5,61.0,,55.6
Sep-02,35.4,53.8,50.7,54.9,46.6,53.2,43.2,56.8,50.5,53.5,48.5,41.3,43.8,45.7,55.1,56.8,54.5,54.9,41.9,37.0,49.8,46.1,44.5,48.5,52.4,55.1,48.6,42.9,55.6,47.3,46.9,44.6,35.9,,43.2,52.1,,55.0,52.8,53.6,59.5,61.0,58.7,48.9,60.4,62.1,,56.2
Oct-02,34.7,55.9,50.3,56.4,47.4,53.8,43.4,58.0,51.7,55.0,49.1,41.4,43.1,46.2,55.8,58.6,55.8,55.4,41.9,36.2,50.6,46.1,45.3,48.9,54.4,56.0,49.5,42.9,56.2,49.0,48.1,44.3,36.0,,43.5,53.0,,56.4,53.3,54.3,61.1,62.2,60.1,49.4,61.3,63.5,,57.1
Nov-02,35.8,57.9,51.1,57.6,48.2,54.0,43.1,59.4,51.9,56.6,49.3,41.9,43.6,46.6,56.9,60.1,56.6,55.9,42.2,36.9,51.1,45.8,46.0,49.7,55.3,56.6,48.7,43.0,57.0,49.6,49.1,43.9,37.4,,43.8,53.8,,58.5,55.0,56.3,63.1,63.5,61.6,50.3,62.3,64.5,,58.5
Dec-02,33.5,59.8,51.3,58.7,49.1,54.7,42.7,60.5,52.3,57.1,50.0,41.6,44.0,47.8,57.2,60.9,57.7,56.3,41.8,35.6,52.1,46.4,47.1,50.3,56.7,58.6,48.9,42.7,58.0,50.6,49.1,43.9,37.3,,44.1,54.5,,59.3,55.5,56.8,63.9,64.8,62.1,50.5,63.0,65.3,,59.1
Jan-03,33.4,61.2,52.9,59.6,49.1,55.6,41.9,61.6,52.1,57.6,50.8,42.1,44.9,47.7,57.8,61.5,58.6,57.5,42.9,35.5,52.7,46.7,48.7,51.2,57.6,60.1,49.2,43.4,59.2,50.7,50.2,44.5,37.5,,44.5,55.4,,57.6,55.9,57.7,65.2,65.8,63.5,51.4,63.8,66.4,,59.9
Feb-03,33.7,62.8,53.3,60.0,49.8,56.6,39.8,62.3,53.1,58.4,52.2,42.7,43.9,47.8,57.1,62.6,59.2,57.9,42.0,34.5,53.0,47.0,49.9,51.2,58.2,61.1,50.3,42.5,59.5,51.1,50.7,44.8,37.2,,44.4,56.0,,58.4,55.8,57.8,66.6,65.6,63.5,51.3,63.9,66.1,,60.0
Mar-03,37.3,64.6,54.3,60.9,49.4,56.7,38.9,62.9,53.1,59.5,53.1,42.6,43.2,47.5,57.7,63.4,59.9,57.8,41.6,34.7,52.4,46.1,50.6,50.9,58.9,61.5,49.3,42.7,59.6,50.8,50.9,44.9,37.3,,44.4,56.4,,61.4,56.6,58.8,66.1,67.6,63.9,51.0,64.5,67.5,,60.8
Apr-03,37.7,64.6,53.4,61.6,50.0,57.0,39.8,63.6,53.7,59.6,53.4,42.1,41.2,47.4,58.3,64.1,60.7,57.1,40.7,34.7,52.3,45.7,50.2,50.7,59.8,60.6,48.7,43.6,60.1,51.1,51.0,44.8,37.9,,44.4,56.5,,64.5,59.3,60.9,69.3,68.6,65.3,51.6,65.0,68.3,,62.2
May-03,36.3,64.9,53.0,62.6,50.6,57.3,41.8,64.4,53.7,59.9,53.7,42.5,42.0,47.8,59.8,64.1,61.0,57.8,41.6,34.4,52.2,44.7,49.9,50.8,60.3,61.2,47.2,45.3,61.1,51.2,51.8,45.7,37.7,,44.7,56.8,,65.7,60.9,62.7,70.7,70.1,65.6,52.3,65.6,69.1,,63.2
Jun-03,34.1,64.5,53.0,63.4,51.5,57.7,42.5,64.9,53.7,60.0,54.5,42.8,42.2,48.0,59.7,64.1,61.5,58.8,41.4,35.4,52.7,44.6,50.1,51.1,60.1,61.5,48.1,45.4,61.9,51.3,52.3,45.4,37.3,,44.8,57.2,,67.3,61.9,64.0,71.3,70.5,65.5,51.9,66.3,70.0,,63.8
Jul-03,33.2,64.6,54.4,64.3,51.9,58.1,43.5,65.0,53.5,60.9,54.8,44.0,43.9,49.1,59.9,64.5,61.3,60.5,42.7,34.7,53.4,44.9,50.6,52.0,60.2,63.1,49.2,45.3,62.0,50.7,52.3,45.9,37.0,,45.2,57.8,,70.7,64.1,65.7,72.7,72.0,67.3,53.1,66.9,71.0,,65.2
Aug-03,31.3,64.9,55.2,64.5,51.8,58.1,43.9,64.6,53.7,61.2,54.6,43.1,44.0,49.0,59.6,64.6,61.9,60.5,43.7,34.6,54.5,46.2,50.4,52.6,60.5,63.5,50.3,45.2,61.9,51.1,51.9,46.4,36.3,,45.3,58.0,,72.0,65.8,67.2,74.6,74.0,67.6,52.8,67.1,71.3,,66.0
Sep-03,31.0,64.4,55.8,64.1,51.8,58.9,44.0,65.2,53.9,61.1,54.2,43.1,43.9,48.8,60.2,65.6,62.3,60.7,44.2,34.2,54.8,46.8,50.5,53.1,61.8,64.2,50.8,45.7,61.9,50.9,51.8,47.3,37.2,,45.7,58.3,,72.3,65.9,67.4,74.6,73.6,67.5,52.8,66.6,71.8,,66.0
Oct-03,32.3,65.9,55.9,64.2,52.9,59.4,43.1,65.6,54.4,61.5,54.8,42.7,43.7,48.6,61.0,66.1,63.3,60.0,43.1,35.0,54.6,46.8,50.1,52.7,62.2,64.9,50.3,45.1,61.9,50.8,51.6,47.1,36.9,,45.5,58.6,,74.6,67.4,68.5,75.8,74.9,68.1,53.3,67.7,72.6,,67.0
Nov-03,35.4,66.5,55.9,63.8,52.6,59.8,42.5,66.0,54.8,61.8,55.1,43.2,44.3,49.1,61.3,66.8,63.1,60.5,42.7,35.9,54.3,46.8,50.5,53.3,63.6,64.9,50.7,45.3,61.9,51.0,52.5,46.0,37.1,,45.7,58.9,,75.7,68.7,69.9,76.6,76.1,68.4,53.5,68.1,72.5,,67.6
Dec-03,39.0,68.0,56.4,64.9,52.9,60.0,42.1,65.8,55.4,62.0,55.4,43.2,45.2,49.1,62.1,66.4,62.9,60.8,43.7,37.2,54.8,46.8,51.0,53.5,63.5,64.8,50.9,45.8,61.8,52.0,53.3,46.0,37.2,,46.0,59.2,,76.4,70.7,71.5,76.8,77.8,69.1,53.9,68.2,73.8,,68.5
Jan-04,41.7,68.2,56.3,64.6,53.0,60.2,42.8,65.9,55.7,61.9,55.8,44.3,44.9,49.3,62.3,66.6,62.7,61.6,44.6,37.8,55.2,48.2,52.0,54.7,63.4,65.3,51.1,46.2,61.8,52.2,54.4,46.1,37.3,,46.5,59.5,,77.7,70.3,71.1,77.7,77.4,70.0,54.3,68.8,74.5,,68.9
Feb-04,38.4,69.4,56.7,66.1,53.7,61.1,43.2,65.9,55.9,62.0,56.4,44.1,44.8,49.6,62.8,67.3,63.2,61.8,44.7,38.6,55.7,48.0,52.4,54.3,63.5,66.1,51.7,46.7,62.0,52.6,54.5,46.5,37.5,,46.7,59.9,,75.6,71.2,71.4,78.2,78.2,70.2,54.6,69.1,74.3,,69.2
Mar-04,34.8,69.8,56.7,66.1,53.8,61.6,44.1,66.6,56.2,62.3,57.3,45.9,45.3,50.3,62.4,68.5,63.8,61.5,45.1,38.4,56.1,48.3,52.2,53.7,64.7,67.1,52.0,47.7,62.5,51.8,54.9,47.2,37.2,,47.1,60.3,,79.4,72.4,74.1,78.9,79.4,70.8,54.9,69.7,75.9,,70.3
Apr-04,34.4,70.0,57.2,67.3,54.6,62.4,43.7,67.3,57.0,63.3,58.2,45.5,46.5,50.9,62.3,68.8,64.5,62.3,45.8,37.3,56.7,48.5,52.6,54.0,65.7,68.1,52.9,48.2,63.3,52.6,55.1,47.8,38.8,,47.5,60.9,,84.9,76.7,78.3,81.8,81.6,72.3,56.1,70.5,77.7,,72.6
May-04,35.7,70.1,58.3,67.5,55.6,62.2,44.6,68.0,57.9,64.9,58.9,45.7,47.5,50.9,63.3,69.8,64.5,63.9,46.3,37.2,57.4,49.0,53.9,54.5,65.5,68.3,52.7,49.0,64.2,53.2,55.8,48.4,39.6,,48.1,61.6,,87.2,79.4,80.4,83.6,83.2,72.9,56.4,71.7,79.1,,74.0
Jun-04,38.0,71.3,59.1,68.8,56.6,62.4,46.1,68.9,59.0,65.8,58.9,44.9,47.7,51.2,65.0,70.4,65.0,65.0,45.9,37.5,57.9,50.0,54.5,56.2,66.0,68.5,54.0,48.5,65.7,54.7,56.5,49.4,40.3,,48.6,62.5,,90.9,81.8,82.8,85.2,85.8,74.5,57.1,72.6,81.0,,75.7
Jul-04,38.1,72.4,60.0,69.2,57.2,62.5,47.9,69.3,59.7,66.3,59.3,45.3,48.6,52.2,66.0,70.8,65.5,65.0,46.6,40.7,59.0,50.7,54.3,56.7,66.9,68.8,54.7,49.0,67.0,54.6,57.3,50.7,40.1,,49.4,63.0,,94.0,85.2,84.4,87.0,87.5,75.5,58.1,73.5,82.4,,77.3
Aug-04,39.2,73.0,60.0,70.0,57.7,63.6,48.1,69.9,60.3,66.5,60.0,46.7,49.0,53.2,66.4,70.9,66.4,65.2,47.4,41.7,59.7,52.3,54.4,57.8,68.4,69.8,55.6,48.9,67.9,55.3,57.3,51.3,39.6,,50.1,63.6,,95.3,86.1,86.0,88.6,88.8,76.5,58.3,74.9,82.8,,78.3
Sep-04,38.9,74.0,60.3,70.2,57.1,64.1,47.4,70.0,60.3,67.1,60.2,47.3,48.9,54.1,65.6,72.0,66.5,66.7,47.9,42.6,59.3,53.0,55.4,58.7,69.3,70.5,55.2,49.4,68.3,55.3,57.5,51.5,39.5,,50.4,63.9,,94.3,86.6,87.1,89.2,88.9,76.8,58.1,74.7,83.9,,78.5
Oct-04,37.0,74.7,60.3,70.3,56.7,64.5,47.0,70.7,59.7,67.3,60.5,48.4,47.6,53.4,66.3,73.9,66.6,67.2,47.5,39.8,59.2,52.3,55.8,58.2,69.3,70.6,54.1,49.7,68.2,55.4,57.9,50.7,38.3,,50.0,64.1,,95.8,87.1,86.9,89.1,89.6,77.0,57.7,74.6,83.7,,78.6
Nov-04,42.5,75.1,61.2,70.8,56.7,64.5,47.3,71.2,60.0,67.1,60.5,49.1,46.2,53.5,65.7,74.1,67.1,66.7,47.5,39.4,58.2,51.6,56.0,57.7,69.3,70.9,53.5,49.9,68.4,55.1,58.4,50.0,39.0,,49.9,64.1,,93.5,88.2,87.3,90.2,89.8,77.1,58.3,75.3,84.2,,79.0
Dec-04,42.3,74.6,61.0,70.4,56.9,65.4,46.3,71.4,59.8,67.0,60.3,49.3,45.7,53.1,66.8,73.8,67.2,66.0,47.6,36.9,58.2,51.5,55.5,56.7,69.1,69.1,52.9,49.1,68.1,55.5,58.4,49.0,38.9,,49.3,64.0,,96.9,88.3,88.4,89.7,89.9,76.6,57.1,74.7,83.4,,78.8
Jan-05,42.2,74.7,61.3,71.2,56.6,65.4,44.8,71.6,59.4,66.8,59.6,49.1,46.0,53.8,65.8,73.1,67.1,66.3,47.7,36.4,57.4,51.4,55.3,57.2,68.8,69.8,53.4,49.0,68.0,56.1,57.3,49.6,40.3,,49.5,63.9,,95.2,87.4,87.3,88.0,88.2,76.8,57.7,73.9,82.6,,78.2
Feb-05,36.9,73.8,60.1,70.3,55.9,65.0,44.4,70.9,58.5,66.8,59.6,48.8,47.3,53.5,65.8,73.3,66.5,66.3,46.8,36.6,57.4,50.9,55.2,57.6,69.1,68.7,53.0,48.3,67.5,55.5,56.7,50.3,41.0,,49.4,63.4,,94.3,86.5,88.4,89.0,89.2,76.0,57.4,74.2,82.7,,78.2
Mar-05,38.9,73.6,59.4,70.3,56.1,64.1,45.3,70.9,58.1,66.9,60.7,48.7,47.7,53.7,64.3,73.1,66.2,65.8,46.8,37.3,57.6,50.1,54.9,57.8,68.8,69.5,53.5,49.5,67.7,55.3,56.8,51.2,41.6,,49.7,63.4,,96.1,88.9,89.3,89.2,89.4,76.1,57.4,74.2,82.9,,78.7
Apr-05,40.5,74.0,59.1,70.0,56.0,64.1,46.7,70.3,58.9,67.2,60.9,48.3,49.5,53.0,64.7,72.9,66.3,65.1,46.7,38.7,58.0,50.2,55.1,57.7,69.3,68.4,54.0,50.1,68.3,56.4,57.4,51.9,41.3,,50.2,63.4,,98.7,90.5,89.7,90.2,90.2,76.4,58.4,74.8,83.2,,79.5
May-05,39.7,74.5,59.4,70.6,56.2,64.7,48.0,70.8,59.4,67.8,61.0,47.2,49.2,53.5,64.7,72.8,66.7,66.5,47.3,39.4,59.5,50.5,55.8,58.1,68.6,69.2,55.4,50.5,68.7,55.9,57.7,51.8,41.2,,50.3,63.9,,99.9,92.4,91.8,91.2,90.9,77.6,58.5,75.1,83.6,,80.4
Jun-05,36.1,75.3,60.6,71.7,56.7,64.9,49.3,70.6,59.6,67.5,61.3,46.9,50.4,53.7,65.5,73.3,67.8,66.8,47.9,40.1,59.2,51.5,56.4,58.1,69.4,69.5,55.8,50.3,69.1,55.8,58.5,51.6,41.1,,50.7,64.4,,101.2,93.8,92.8,90.9,92.1,78.0,58.6,75.2,83.9,,80.9
Jul-05,36.2,73.8,60.7,71.3,57.8,64.6,49.5,70.8,60.0,67.6,62.4,47.6,50.5,54.5,65.9,73.4,68.4,67.5,48.4,41.2,60.1,53.0,56.5,58.5,69.8,69.7,55.6,50.0,68.6,53.9,58.6,52.1,41.0,,50.9,64.6,,103.6,94.8,94.0,92.0,93.0,78.5,59.0,75.6,85.0,,81.7
Aug-05,39.0,74.5,61.1,71.9,58.2,64.2,50.8,70.4,60.2,67.0,62.8,48.6,51.8,55.1,65.9,73.4,68.6,66.5,49.1,40.4,59.3,53.4,56.0,58.4,70.4,69.9,54.8,50.7,68.6,54.3,59.1,52.5,41.5,,51.4,64.5,,105.0,95.8,94.8,92.7,93.6,78.4,59.1,75.9,84.7,,82.0
Sep-05,39.7,74.1,61.4,71.8,57.9,63.8,50.2,70.6,60.5,67.2,63.0,50.0,51.2,54.8,65.8,74.0,68.2,67.2,49.2,41.3,60.2,53.8,56.6,58.8,69.9,70.4,54.3,51.2,68.6,54.2,59.1,52.3,41.1,,51.4,64.6,,103.5,95.8,95.0,92.0,93.1,78.6,58.8,76.0,85.0,,81.9
Oct-05,43.2,74.6,61.3,72.4,57.6,63.7,49.9,70.6,59.8,66.9,63.2,49.1,50.3,54.3,65.5,74.5,67.8,67.0,49.3,40.5,59.0,52.4,57.3,58.3,69.7,70.1,54.5,50.9,67.9,54.6,59.2,51.0,40.5,,50.9,64.5,,103.8,95.5,95.1,92.8,93.0,78.1,58.2,75.3,85.0,,81.7
Nov-05,41.8,73.9,61.4,72.1,58.3,63.5,47.6,70.9,59.0,67.7,63.8,49.0,50.2,53.4,65.3,74.3,67.8,66.9,48.0,41.2,59.4,52.6,57.1,57.7,70.2,70.1,55.0,50.4,67.7,55.6,59.3,50.7,39.6,,50.7,64.5,,105.2,95.8,95.2,92.8,93.6,78.1,58.7,75.7,84.9,,82.0
Dec-05,43.3,73.9,61.0,71.5,58.4,63.7,47.7,70.9,59.2,67.7,63.9,49.5,50.1,53.6,65.0,73.7,67.7,66.4,47.3,42.3,58.8,52.6,56.9,57.9,71.1,70.7,55.2,50.3,66.9,57.4,59.0,50.8,40.6,,51.0,64.4,,105.1,97.4,95.8,92.6,93.8,78.6,59.2,75.8,85.4,,82.4
Jan-06,40.3,73.8,61.2,71.8,58.6,64.4,47.9,70.8,60.0,67.7,63.7,50.8,51.2,55.0,65.0,73.0,68.3,67.5,47.7,43.0,59.8,53.7,57.1,57.5,71.3,71.5,55.7,50.5,67.6,58.0,59.3,51.4,41.6,,51.7,64.7,,105.0,95.7,95.5,91.4,93.0,78.4,59.5,76.0,85.1,,82.1
Feb-06,41.3,74.1,60.9,71.5,58.2,64.8,48.5,71.8,60.9,67.4,63.4,51.2,50.2,55.1,65.5,73.8,68.1,68.5,49.3,43.3,59.3,53.1,57.3,58.2,70.4,72.0,56.0,50.6,68.1,57.2,59.6,51.6,43.0,,51.8,64.9,,103.4,96.7,96.2,91.6,93.7,78.5,59.4,76.2,84.7,,82.3
Mar-06,41.5,73.6,61.1,71.6,58.3,65.2,49.0,72.2,60.7,67.2,63.3,50.9,51.6,56.0,66.0,74.2,68.8,69.0,50.4,43.4,59.6,53.5,56.9,58.0,69.6,71.6,56.5,50.9,68.7,56.1,59.5,53.2,43.2,,52.2,65.1,,105.7,96.4,96.6,92.0,93.9,79.1,59.9,76.5,86.3,,82.8
Apr-06,40.8,74.6,61.4,72.3,58.4,65.4,49.7,72.4,61.0,67.8,62.8,51.5,52.0,55.5,66.4,75.2,68.4,69.7,51.7,44.3,59.7,53.9,56.9,59.4,70.2,71.8,57.3,51.6,68.8,57.5,59.6,54.1,43.6,,52.8,65.5,,107.7,99.8,99.0,94.6,94.8,80.4,60.9,77.5,87.0,,84.4
May-06,40.0,75.5,62.1,72.5,58.9,65.6,50.6,72.1,61.8,68.3,63.6,52.1,53.9,56.1,67.2,75.0,69.2,70.4,52.5,45.0,60.4,55.9,57.8,59.7,71.9,72.2,57.7,53.2,68.9,58.4,59.9,55.3,43.6,,53.8,65.9,,108.2,100.2,99.3,94.4,97.2,81.1,61.5,78.7,87.9,,85.1
Jun-06,38.9,76.8,62.4,73.0,59.8,66.3,51.0,72.7,63.0,69.3,64.9,53.8,54.9,57.5,67.4,75.4,69.5,71.1,52.7,45.7,62.0,56.5,59.1,60.1,73.4,73.0,58.3,54.0,69.9,59.2,60.8,56.0,45.1,,54.8,66.7,,110.2,101.7,100.3,95.3,96.7,81.2,62.4,79.1,89.0,,85.9
Jul-06,43.2,77.3,63.4,72.3,60.2,67.0,52.0,73.5,63.5,69.7,66.3,54.4,55.9,58.8,67.7,76.2,70.7,70.7,51.7,46.2,62.5,57.6,60.6,60.6,73.6,73.9,58.5,55.4,70.5,59.1,62.3,57.2,45.4,,55.5,67.3,,111.2,102.6,101.6,97.0,96.8,82.8,63.0,79.9,89.9,,86.8
Aug-06,45.7,77.8,64.2,73.9,60.1,68.0,52.8,74.3,64.3,70.3,66.8,55.8,56.6,60.3,68.2,77.5,70.9,71.6,52.3,46.4,63.5,58.4,61.0,61.5,73.9,74.7,59.6,55.5,71.0,60.2,62.9,58.2,46.2,,56.3,68.0,,110.9,103.0,102.7,97.5,98.3,83.5,63.7,80.4,90.9,,87.6
Sep-06,48.2,77.4,65.1,74.1,60.1,68.3,52.7,74.8,65.3,70.9,66.9,56.4,57.0,60.4,69.4,78.0,71.4,72.5,52.9,45.9,63.5,59.3,61.5,62.5,74.2,75.6,60.6,56.0,70.6,61.4,64.0,58.8,46.1,,56.7,68.6,,112.4,103.9,102.9,96.5,98.7,83.6,63.9,81.1,91.1,,87.9
Oct-06,46.6,77.3,65.0,75.1,61.5,69.0,52.4,75.0,65.6,71.5,67.1,57.1,57.0,60.2,70.5,78.4,71.0,73.2,54.6,46.0,64.4,59.5,61.3,62.3,75.7,75.8,60.9,57.4,71.5,62.2,64.3,58.9,46.9,,57.2,69.0,,112.5,103.7,103.3,97.5,98.6,84.1,64.3,81.0,92.0,,88.2
Nov-06,45.2,78.0,65.2,75.2,61.8,69.4,53.0,75.6,65.4,71.6,66.9,57.0,56.3,59.7,70.8,78.1,71.4,72.7,53.2,48.0,64.2,59.4,61.6,63.0,76.4,76.2,61.5,57.6,72.6,62.9,65.0,58.9,46.0,,57.2,69.3,,111.6,104.6,103.8,97.7,99.2,84.4,64.2,81.7,92.7,,88.6
Dec-06,46.7,79.2,65.9,76.0,62.5,70.1,55.7,76.0,65.7,71.8,67.5,56.5,54.9,60.0,71.2,78.4,72.3,71.8,53.5,49.1,65.1,59.6,62.3,63.8,76.5,76.7,62.3,58.8,73.6,63.9,65.8,60.1,45.9,,57.8,69.9,,114.4,105.7,105.1,98.8,99.8,85.4,65.7,82.8,93.3,,89.7
Jan-07,46.1,80.2,66.4,76.3,62.3,70.2,56.4,77.1,66.3,72.3,68.4,56.9,55.6,61.0,71.8,78.5,72.9,72.4,54.2,51.9,65.3,60.6,63.2,65.3,77.0,77.6,63.4,57.9,73.8,64.9,66.5,60.9,47.3,,58.6,70.5,,113.1,104.9,104.2,98.5,99.2,85.4,66.4,83.3,92.8,,89.6
Feb-07,51.0,80.5,67.2,76.4,64.1,70.8,57.4,77.4,67.8,73.1,69.3,57.7,57.7,62.5,72.2,79.4,73.5,73.3,56.8,52.9,66.7,61.7,64.2,66.1,77.1,78.2,64.7,59.0,74.5,65.2,67.6,62.6,48.4,,59.8,71.3,,112.0,105.6,104.3,98.9,99.4,85.6,67.2,83.0,93.5,,89.9
Mar-07,51.4,81.3,67.3,77.0,64.6,71.0,57.2,78.2,68.4,73.4,69.2,58.8,60.5,62.6,72.0,80.8,73.7,74.9,57.5,54.2,67.8,63.4,64.7,66.7,78.4,79.4,65.4,61.9,75.1,65.8,67.4,62.8,49.5,,60.9,71.8,,112.8,105.8,104.8,99.3,100.0,86.3,67.9,83.7,94.8,,90.6
Apr-07,53.5,81.7,68.0,77.6,65.9,72.3,58.7,78.5,69.4,73.9,70.2,58.9,62.1,63.9,73.0,82.1,74.7,74.9,58.3,54.7,69.0,64.3,65.4,67.8,78.6,79.6,67.1,64.6,76.0,67.3,68.1,65.0,48.2,,61.9,72.7,,115.3,107.7,107.3,100.2,102.0,87.4,69.2,85.2,95.2,,92.0
May-07,52.5,82.6,69.1,78.6,66.1,72.9,57.3,79.0,69.6,74.6,71.1,60.0,62.9,65.2,73.8,84.0,75.7,75.9,60.0,54.7,70.2,65.8,66.4,69.0,79.8,81.0,67.8,66.5,77.2,69.6,68.5,66.3,49.9,,63.1,73.5,,115.8,108.6,108.6,100.5,102.2,88.2,70.2,86.9,96.7,,93.1
Jun-07,55.6,83.4,70.2,79.5,67.8,73.8,59.0,79.7,70.1,76.3,71.7,60.1,64.3,67.5,74.8,84.9,76.6,75.9,63.3,55.1,71.3,68.0,66.7,70.3,81.1,81.7,68.7,66.0,78.5,70.9,69.7,67.0,51.2,,64.3,74.5,,117.5,110.2,109.7,101.7,102.5,89.8,71.0,87.5,97.4,,94.1
Jul-07,59.6,84.5,71.9,80.7,69.7,74.6,60.6,81.0,71.7,78.5,72.3,62.2,66.3,68.5,75.0,85.7,78.0,78.6,64.8,56.8,72.8,69.3,67.6,70.8,82.1,83.7,70.3,66.4,79.9,72.5,70.7,68.3,54.1,,65.7,75.8,,119.0,110.5,109.9,102.8,103.3,90.6,73.4,89.0,98.7,,95.3
Aug-07,60.5,85.1,72.5,80.8,70.6,75.7,63.7,82.6,72.9,80.5,73.2,64.3,68.7,69.3,76.2,85.5,78.6,80.0,66.8,59.4,74.2,71.4,68.4,72.8,83.7,84.4,72.4,66.3,79.6,73.8,71.7,70.1,55.2,,67.3,76.9,,118.2,111.4,110.1,103.5,104.5,91.2,73.9,89.1,99.3,,95.8
Sep-07,59.1,86.4,73.9,80.5,71.5,76.7,64.9,83.2,74.2,81.2,74.5,66.9,70.0,71.6,77.7,86.3,78.8,81.6,67.4,63.3,75.2,72.2,69.9,73.8,84.3,85.2,72.6,66.1,80.6,73.9,72.7,71.3,56.5,,68.5,77.8,,118.1,111.1,109.7,103.8,104.0,91.6,74.1,90.0,99.9,,96.0
Oct-07,58.2,87.1,74.2,80.8,70.5,77.3,65.0,84.0,74.6,80.8,75.0,66.5,70.9,71.8,78.2,86.9,78.7,81.8,68.0,61.5,76.0,72.6,70.7,74.5,85.1,85.3,72.2,66.2,80.9,74.4,72.0,71.5,57.0,,68.8,78.0,,117.7,111.3,110.3,102.5,104.2,91.5,74.1,90.2,99.4,,96.0
Nov-07,57.5,88.0,75.0,82.2,70.8,78.3,64.3,84.6,75.2,80.7,75.0,66.0,69.7,71.0,78.6,87.4,79.6,81.1,66.8,59.2,76.1,71.7,71.3,72.6,84.8,84.9,72.1,67.8,82.1,73.4,72.3,70.7,57.1,,68.3,78.3,,118.5,110.8,110.1,102.8,103.5,91.8,73.9,90.1,99.4,,95.9
Dec-07,59.2,87.5,74.6,83.5,70.4,78.8,62.7,85.8,74.8,80.8,75.0,64.2,68.4,69.1,78.1,87.8,80.4,81.3,67.0,58.4,76.2,70.1,71.3,72.4,84.8,84.5,73.4,68.7,83.8,74.4,72.6,69.8,57.6,,67.8,78.6,,118.2,112.0,110.3,102.3,104.1,91.7,74.0,89.5,98.3,,95.8
Jan-08,60.2,88.3,74.7,84.1,71.1,78.6,63.2,85.9,75.2,81.2,75.1,65.7,66.6,68.9,78.3,88.1,80.7,81.4,66.2,61.7,75.4,69.8,71.0,72.9,85.1,84.6,72.5,67.9,83.7,73.8,73.8,68.9,56.0,,67.5,78.8,,115.6,109.0,108.1,99.6,101.9,91.0,74.1,88.8,97.7,,94.5
Feb-08,57.9,88.0,73.6,83.8,71.0,77.8,65.7,85.5,74.1,81.4,75.5,65.4,67.5,69.2,78.1,87.9,80.0,81.3,66.2,63.4,75.3,68.7,71.0,73.7,84.2,84.9,71.8,65.9,84.1,75.8,73.2,68.0,56.0,,67.5,78.5,,115.3,107.9,107.8,99.6,102.2,90.2,73.4,87.5,95.7,,93.7
Mar-08,51.7,89.2,72.8,83.6,70.7,76.7,66.3,84.9,74.6,80.5,75.4,66.8,68.3,68.5,78.0,87.3,79.6,81.1,65.2,61.6,74.3,69.0,70.6,74.0,82.6,84.8,71.3,64.9,82.0,77.6,72.6,68.8,53.6,,67.2,78.1,,114.0,106.6,106.6,99.1,101.1,89.1,72.9,87.8,95.0,,93.0
Apr-08,48.8,87.7,72.4,82.5,70.2,76.2,66.3,84.3,73.0,80.4,75.9,67.4,66.4,68.9,78.8,86.6,78.6,80.0,65.4,58.1,74.7,69.3,70.0,73.9,80.4,84.6,72.2,66.5,81.8,78.8,71.2,67.8,55.1,,67.0,77.6,,116.1,108.4,107.4,99.2,100.7,88.6,73.1,87.2,95.4,,93.2
May-08,49.7,88.0,73.3,82.4,70.3,76.1,65.7,83.9,73.7,80.0,75.5,69.1,66.2,70.0,78.5,86.2,78.1,81.7,64.8,57.9,74.0,68.6,69.3,73.6,80.5,84.1,72.0,66.9,80.8,78.6,70.7,67.9,55.2,,67.0,77.5,,117.0,107.8,107.9,99.0,101.7,89.4,73.3,87.6,95.6,,93.6
Jun-08,53.7,86.7,73.9,81.2,70.3,75.7,65.8,83.0,72.6,79.4,75.9,70.7,65.3,69.7,77.8,85.0,78.1,81.4,63.6,58.4,75.1,67.2,69.0,73.5,83.1,83.9,72.1,68.3,81.1,75.5,70.2,66.7,55.1,,66.8,77.2,,115.6,107.4,105.7,98.6,100.6,88.0,72.0,86.5,93.7,,92.4
Jul-08,56.4,86.8,73.2,80.5,71.1,75.2,67.8,82.4,72.1,78.8,73.6,69.3,66.3,68.6,76.5,83.8,77.9,80.6,64.1,62.6,74.3,66.9,68.5,72.2,83.9,83.4,71.8,67.3,79.7,74.0,69.6,66.4,55.9,,67.0,76.5,,112.9,105.7,105.6,98.2,98.3,87.7,72.1,86.0,93.1,,91.6
Aug-08,60.3,85.9,71.4,79.5,69.9,73.9,68.2,82.6,71.1,77.1,72.2,67.9,66.5,64.7,75.0,83.2,76.9,78.3,62.4,61.4,73.5,67.2,68.3,71.3,81.3,82.6,70.9,67.3,78.3,72.6,68.4,64.3,55.1,,65.9,75.4,,112.3,104.6,103.8,95.1,96.9,84.6,69.9,83.3,91.3,,89.5
Sep-08,59.5,83.9,69.5,79.1,69.7,72.7,66.9,80.7,71.1,76.2,70.3,64.6,64.8,63.2,73.7,81.9,76.1,76.8,62.5,61.8,71.5,68.5,67.8,69.3,78.3,80.4,68.4,64.6,75.9,71.5,66.7,64.9,56.1,,65.2,74.0,,108.3,101.4,101.1,92.8,95.7,82.5,68.6,81.2,89.6,,87.4
Oct-08,56.1,80.8,69.1,77.6,67.0,71.4,64.7,78.5,69.6,74.8,68.9,63.8,62.3,62.4,72.5,79.4,74.7,75.6,59.8,57.5,69.6,65.6,66.0,68.0,74.4,77.3,64.9,62.2,74.4,70.9,64.2,63.4,54.9,,63.1,72.1,,106.2,100.3,99.4,91.2,93.8,80.5,66.3,78.9,87.6,,85.4
Nov-08,50.6,79.2,68.2,75.6,65.6,70.3,61.4,75.1,67.7,72.4,67.8,63.8,58.4,63.3,69.4,76.5,74.5,72.3,57.4,57.5,68.3,62.5,63.3,64.3,74.1,74.0,60.7,60.8,73.5,65.9,62.6,62.4,55.6,,61.4,70.0,,105.7,97.7,96.4,87.8,91.2,78.2,64.2,76.7,84.4,,82.9
Dec-08,49.4,77.1,66.3,73.7,63.7,69.1,59.4,73.6,64.4,71.2,67.6,62.7,59.6,61.2,68.2,74.3,72.5,70.8,55.5,55.2,66.4,60.3,60.8,63.3,69.0,71.6,59.4,58.9,71.6,62.9,61.9,58.7,55.3,,59.3,68.4,,102.7,96.7,95.5,87.7,89.4,77.5,63.0,75.6,82.3,,81.7
Jan-09,51.1,75.8,63.9,73.8,61.6,68.4,58.1,71.7,62.5,69.2,67.8,63.4,59.8,58.8,66.7,73.6,70.5,70.0,53.4,50.9,64.4,59.6,60.1,64.0,68.0,70.0,59.4,59.1,70.3,61.7,62.2,57.7,53.8,,58.1,67.2,,101.3,93.7,92.2,85.7,88.2,76.9,62.8,73.5,81.5,,80.2
Feb-09,50.2,73.6,62.7,72.1,62.4,66.9,58.9,70.9,61.6,69.4,67.2,60.6,58.9,57.1,67.1,73.5,67.7,70.0,53.9,47.8,61.3,59.6,60.9,65.5,67.1,69.4,60.5,57.6,67.6,63.6,61.3,57.8,51.9,,57.5,66.4,,100.1,93.3,92.4,84.5,87.3,75.2,62.0,72.4,81.4,,79.3
Mar-09,50.9,71.3,62.6,71.5,62.9,65.8,60.5,70.1,60.9,67.7,65.5,62.3,55.8,57.8,66.1,74.6,66.4,68.2,53.0,45.6,59.0,57.8,61.3,64.8,68.8,68.2,60.0,57.2,67.1,65.0,60.1,58.5,51.4,,57.5,65.5,,99.9,91.6,90.9,84.5,86.3,73.7,61.4,72.2,80.6,,78.5
Apr-09,44.1,69.2,62.1,69.4,63.7,64.7,58.7,70.2,60.8,67.8,64.7,57.0,56.5,57.4,64.9,74.0,66.2,67.1,53.8,47.4,58.1,56.0,62.4,61.9,68.4,68.0,59.3,56.4,66.8,63.1,58.7,58.5,52.1,,57.0,64.8,,101.0,93.9,92.9,84.8,86.5,74.9,60.9,72.9,80.5,,79.2
May-09,47.7,67.4,62.5,69.7,61.8,65.1,57.5,69.4,60.9,67.6,63.2,56.3,56.3,57.5,64.9,73.1,67.1,67.2,53.3,50.6,59.3,57.1,60.6,61.3,65.9,69.1,59.3,56.2,66.9,62.8,58.0,59.7,53.3,,57.1,64.7,,102.0,94.3,93.4,84.5,87.7,76.2,62.1,74.3,81.8,,80.2
Jun-09,44.5,68.2,63.2,70.0,62.3,66.1,56.5,69.0,61.8,69.7,63.1,53.6,56.5,59.1,65.1,72.0,67.3,68.4,53.8,54.8,59.7,58.5,60.8,60.0,65.6,71.5,60.0,57.2,66.5,62.6,58.0,62.4,52.3,,57.8,65.1,,103.1,94.7,94.1,86.6,87.9,76.1,63.0,75.3,83.6,,81.1
Jul-09,48.4,70.0,65.3,71.4,61.2,66.6,58.6,69.3,64.0,70.5,63.4,57.8,57.4,61.0,66.2,73.1,68.0,70.1,55.1,58.6,61.2,61.3,60.5,61.5,66.5,72.8,61.2,57.8,67.6,60.7,58.5,63.8,53.6,,59.2,66.1,,103.2,96.2,97.1,87.4,90.5,78.2,64.5,76.5,84.5,,82.7
Aug-09,46.0,71.0,66.1,72.5,62.2,66.7,60.7,69.7,65.2,71.8,65.3,59.1,60.3,61.7,67.9,74.1,68.7,72.4,57.7,59.6,62.8,61.9,61.9,64.0,68.5,73.4,62.8,59.1,69.1,59.0,59.7,63.3,53.4,,60.0,67.3,,104.7,96.8,97.1,88.7,91.2,79.1,65.1,78.1,85.4,,83.6
Sep-09,49.9,70.8,67.3,73.1,61.2,67.4,61.7,70.6,67.3,71.7,67.4,62.0,62.7,63.4,69.5,74.6,70.0,73.3,59.9,58.1,65.1,62.7,62.8,66.0,67.7,73.3,64.1,60.5,70.6,60.8,61.3,63.3,56.7,,61.3,68.4,,105.6,97.3,97.0,88.8,91.3,80.0,66.4,79.1,86.7,,84.4
Oct-09,51.0,71.2,67.2,73.9,63.0,68.3,61.2,71.0,68.0,72.3,68.8,62.7,62.7,64.8,69.6,75.0,71.4,73.2,60.3,56.1,66.2,64.1,64.2,66.4,67.8,74.5,65.9,60.2,71.1,64.8,62.2,64.0,57.6,,62.0,69.1,,105.1,97.9,98.4,90.0,92.6,80.1,66.7,79.5,86.9,,84.9
Nov-09,50.8,71.5,67.4,74.3,63.5,68.9,58.4,71.5,67.6,72.4,69.3,64.0,62.7,64.9,69.6,76.0,72.1,72.7,59.6,57.4,66.3,64.5,64.6,66.2,68.2,74.2,66.6,60.0,71.7,68.5,63.0,64.6,58.7,,62.5,69.4,,106.0,98.3,98.6,90.2,92.2,80.8,66.2,80.1,87.3,,85.2
Dec-09,52.6,73.1,67.7,75.1,64.4,69.4,58.0,72.8,67.8,72.7,69.5,62.8,63.9,63.3,70.3,76.5,73.1,73.4,58.6,57.5,66.4,63.9,64.8,66.3,69.6,74.9,68.0,59.3,72.2,68.2,63.0,64.0,58.9,,62.2,70.0,,106.9,99.8,99.2,91.5,93.5,81.2,67.1,79.9,87.8,,85.8
Jan-10,59.3,74.0,68.7,75.5,64.6,69.9,59.1,73.4,68.7,73.6,69.7,63.0,66.2,64.7,71.5,76.7,72.7,74.8,59.8,60.5,67.9,64.8,64.9,67.4,70.0,75.4,69.4,61.3,73.5,68.2,63.4,64.3,61.0,,63.3,70.8,,102.4,96.3,97.5,88.8,92.3,82.3,69.4,82.3,88.5,,86.0
Feb-10,62.6,74.1,69.1,76.9,65.6,70.6,62.4,75.3,69.8,75.0,69.9,63.6,67.0,66.1,72.1,77.9,72.6,75.5,62.1,59.3,67.1,65.0,65.8,66.8,70.7,76.4,71.0,63.3,74.9,68.7,64.8,66.3,62.8,,64.6,71.6,,104.1,97.8,97.5,90.8,92.9,82.4,69.2,82.1,88.8,,86.4
Mar-10,63.6,74.0,70.4,77.3,66.8,71.0,64.8,76.0,70.0,75.7,70.6,63.3,66.5,67.5,73.0,78.1,72.5,75.8,63.2,62.5,69.3,66.9,67.0,68.7,71.9,76.2,71.5,64.1,76.5,70.2,65.6,67.4,62.2,,65.7,72.3,,105.1,96.5,97.5,89.7,92.4,82.4,69.6,81.8,88.5,,86.2
Apr-10,58.5,74.0,71.1,77.5,68.1,71.6,64.9,77.2,69.3,75.6,70.2,63.5,66.6,66.8,73.7,78.4,73.8,75.3,63.9,62.3,69.1,66.7,66.4,69.3,72.7,75.1,70.3,65.5,76.4,71.0,66.4,68.4,60.5,,65.9,72.5,,105.3,98.6,98.7,90.7,94.0,83.7,70.0,82.4,89.5,,87.2
May-10,58.1,74.9,71.8,76.4,68.3,72.6,63.7,76.3,69.5,75.6,71.1,62.7,67.4,68.2,74.6,78.7,74.2,75.4,63.8,65.2,71.7,67.4,66.5,71.0,73.3,74.5,69.7,65.8,77.0,69.9,65.9,68.8,59.3,,66.0,72.8,,104.9,98.7,99.0,92.3,94.2,84.1,69.9,83.2,90.4,,87.6
Jun-10,54.6,76.0,71.7,76.3,68.0,73.1,64.0,75.9,69.6,76.6,71.0,65.1,69.3,69.7,74.4,79.2,75.5,75.6,64.9,62.6,70.9,67.5,65.6,71.3,73.4,74.6,70.1,67.8,76.5,69.6,65.0,69.7,60.9,,66.6,72.9,,105.5,99.0,99.4,92.5,95.0,83.9,70.6,83.8,90.8,,88.1
Jul-10,53.6,76.6,72.9,76.5,68.7,73.4,68.1,75.4,71.1,77.8,73.7,64.9,70.5,70.8,75.3,80.4,75.9,77.8,65.4,64.4,72.7,68.8,66.3,72.0,74.8,76.2,70.8,67.9,76.6,69.0,65.8,70.5,61.4,,67.5,73.8,,105.3,98.5,100.8,93.0,95.2,85.4,72.7,84.8,91.4,,89.0
Aug-10,56.5,77.3,74.1,77.1,70.1,74.1,71.4,76.1,72.3,78.5,75.0,65.6,72.0,70.7,76.0,80.9,76.7,79.0,65.8,62.9,73.4,70.0,67.1,72.3,74.7,78.2,71.3,68.4,75.8,69.8,65.7,70.1,63.3,,68.2,74.6,,107.7,99.8,100.5,93.7,94.9,85.0,72.1,84.6,92.1,,89.1
Sep-10,58.1,77.4,75.4,77.5,70.9,74.3,71.5,76.5,73.0,77.9,75.5,65.5,72.3,71.5,76.3,80.9,77.4,81.0,66.9,65.8,74.7,69.6,67.4,73.2,75.7,80.7,71.8,67.5,75.9,69.3,67.1,68.9,63.8,,68.3,75.3,,104.3,98.7,99.5,92.5,95.8,85.5,72.0,84.8,92.0,,88.8
Oct-10,58.2,77.4,74.6,76.7,70.7,74.1,70.2,76.5,73.4,77.5,74.0,64.9,70.5,70.5,76.8,81.2,76.8,78.2,66.1,65.4,73.2,68.5,66.6,73.4,75.0,81.5,71.4,66.1,76.2,69.7,66.2,67.3,64.4,,67.5,74.9,,106.5,97.9,97.7,91.8,94.0,84.1,71.0,83.6,91.2,,87.8
Nov-10,54.9,76.9,74.1,76.7,70.2,73.9,69.2,75.4,72.7,77.4,72.7,63.2,68.1,71.3,76.5,80.2,76.7,77.2,67.0,66.8,72.5,66.7,66.3,72.2,75.2,81.5,71.0,65.1,76.3,68.8,65.9,64.9,63.3,,66.6,74.4,,102.7,96.4,96.6,91.1,94.0,83.8,70.1,83.0,90.0,,86.9
Dec-10,56.8,75.7,72.6,76.5,69.5,73.7,70.7,74.4,72.6,78.0,72.4,62.9,66.3,69.8,77.0,79.8,75.3,76.2,66.2,67.4,72.7,66.3,65.6,70.4,74.8,81.2,71.5,65.8,75.6,69.0,65.1,64.9,62.5,,66.3,73.9,,102.2,96.5,97.4,90.5,93.6,83.4,70.8,82.6,89.1,,86.8
Jan-11,56.5,74.4,73.2,76.6,69.2,73.8,70.2,74.1,72.5,78.0,72.5,62.7,66.3,69.3,75.8,78.5,75.9,77.1,67.7,65.5,73.9,65.8,66.6,70.6,75.0,81.6,72.5,68.4,75.2,69.6,64.3,66.3,61.3,,66.7,74.0,,100.0,95.5,94.7,88.8,92.3,83.0,71.5,81.8,88.8,,86.0
Feb-11,64.3,73.8,73.6,76.6,68.5,72.8,70.5,74.1,73.2,77.1,72.2,64.0,66.8,70.5,76.1,77.7,76.1,78.0,66.3,64.3,73.0,66.5,66.9,70.3,73.9,82.0,73.1,70.0,76.2,70.4,64.6,67.8,61.8,,67.2,73.9,,99.7,94.8,96.1,89.3,91.1,82.0,70.8,82.0,88.2,,85.7
Mar-11,60.7,73.5,74.8,75.8,69.0,72.6,71.1,73.9,72.7,76.0,71.3,62.7,68.5,70.3,75.7,77.5,76.4,79.0,66.7,67.0,72.0,66.5,66.6,70.8,72.6,82.0,71.8,69.2,76.4,71.5,63.9,69.3,64.5,,67.8,73.7,,98.8,93.9,93.8,88.8,90.2,82.6,71.3,81.5,88.1,,85.3
Apr-11,65.9,73.8,73.8,76.8,69.9,72.7,72.3,74.1,73.0,75.3,71.7,64.8,70.7,71.9,76.2,77.8,76.0,79.6,69.5,73.1,70.6,67.7,66.9,70.4,72.2,79.8,72.0,67.8,75.9,71.9,64.5,69.8,66.6,,69.1,73.7,,101.9,95.2,96.8,89.2,91.7,83.0,73.0,82.4,88.4,,86.5
May-11,58.6,73.9,72.7,76.9,70.7,74.1,70.8,73.9,72.3,74.2,73.3,64.5,72.3,70.2,75.5,79.0,75.6,79.8,68.9,71.5,72.0,68.0,65.5,71.7,73.4,79.0,72.2,67.6,75.2,71.2,64.8,71.0,66.3,,68.9,73.8,,102.4,94.6,96.7,89.5,91.8,83.1,70.7,82.5,88.0,,86.1
Jun-11,59.5,73.8,71.6,76.8,70.6,73.8,70.8,74.1,73.3,74.3,73.5,65.0,72.6,71.0,75.6,79.9,75.2,78.9,69.0,69.4,71.9,69.0,65.8,71.6,74.4,78.8,71.9,69.1,74.2,69.3,64.7,71.0,64.1,,68.8,73.7,,102.1,94.4,95.7,89.7,91.9,82.8,71.0,82.8,89.0,,86.2
Jul-11,53.6,73.1,72.0,76.4,70.9,73.9,71.1,74.5,73.7,74.9,72.7,65.8,71.3,72.8,74.9,80.3,75.5,79.3,67.7,66.8,73.0,69.0,65.7,72.3,74.7,80.7,72.4,71.9,74.9,68.1,65.3,70.3,64.6,,68.7,74.0,,100.4,95.8,96.3,91.1,92.1,84.0,73.4,83.8,89.8,,87.3
Aug-11,53.8,74.3,72.4,76.2,71.2,73.1,73.2,74.7,74.5,77.2,72.2,66.6,71.1,75.0,75.3,79.0,75.9,80.2,70.0,69.5,73.4,70.8,68.1,73.9,75.1,81.4,73.3,73.6,74.8,69.3,64.8,71.5,66.0,,70.2,74.3,,99.8,96.5,97.2,91.5,92.1,84.4,73.2,83.2,90.2,,87.4
Sep-11,55.6,75.8,73.5,77.3,72.5,74.1,74.9,75.3,74.6,78.1,73.1,68.8,71.7,75.6,75.7,78.8,76.1,80.4,71.2,70.9,74.0,71.2,68.9,75.3,76.2,81.4,75.8,72.6,76.3,70.9,66.2,70.9,66.5,,70.9,75.2,,100.1,95.9,96.6,90.4,93.1,83.6,73.3,83.5,89.0,,87.1
Oct-11,57.4,76.1,73.8,77.5,72.0,74.4,74.5,75.0,73.8,78.1,72.3,67.6,73.0,72.6,76.2,79.3,76.7,80.0,70.1,69.8,74.5,71.7,68.6,74.7,76.4,80.3,75.6,70.6,76.4,71.4,66.4,70.2,65.1,,70.3,75.2,,99.2,95.3,94.9,89.5,91.3,83.6,72.6,82.4,89.1,,86.4
Nov-11,61.1,74.9,75.1,76.9,72.4,74.6,73.7,75.8,72.6,77.9,71.3,68.9,73.6,70.4,77.0,80.3,76.8,78.0,69.7,72.4,74.0,70.4,66.9,72.6,76.4,80.1,74.7,68.2,76.6,71.7,66.6,68.9,65.1,,69.8,75.0,,99.9,93.6,95.4,89.7,91.9,83.9,72.2,83.0,88.8,,86.4
Dec-11,63.3,73.9,75.1,76.2,71.3,74.8,71.1,75.4,73.5,77.8,70.4,67.9,72.0,69.6,76.6,80.4,77.8,77.3,69.0,70.0,74.8,70.2,67.3,71.2,75.7,79.9,73.7,69.6,76.9,71.1,66.5,69.8,65.4,,69.4,74.8,,98.4,94.1,95.2,90.3,90.5,83.6,72.6,82.8,88.0,,86.2
Jan-12,67.1,74.5,76.1,75.4,73.2,74.0,71.2,75.2,73.9,77.6,71.9,69.1,69.6,70.1,76.8,79.5,77.0,76.8,69.5,70.8,74.5,69.9,67.9,71.1,76.8,79.3,73.3,70.4,76.2,70.7,66.2,71.9,66.9,,70.0,74.7,,96.5,92.5,93.1,88.7,91.4,84.1,73.1,82.2,89.2,,85.9
Feb-12,65.1,74.3,76.3,76.1,72.2,74.7,71.6,75.4,74.8,76.3,72.5,66.2,70.7,70.9,76.3,79.3,77.4,77.8,70.4,71.1,74.5,71.0,68.7,71.7,75.7,79.6,74.5,70.9,76.1,69.2,66.5,70.7,67.0,,69.8,75.0,,97.2,93.6,93.9,88.6,90.5,83.4,72.6,82.5,89.1,,85.9
Mar-12,67.3,74.7,75.6,75.9,72.2,74.0,73.9,75.5,74.0,75.3,73.2,66.0,72.4,71.5,75.7,79.2,76.5,77.0,70.7,71.7,73.1,71.3,68.6,72.0,76.1,79.5,74.6,70.6,75.9,68.1,66.2,70.3,65.8,,69.9,74.6,,99.5,94.0,94.4,89.2,91.2,82.8,72.1,82.7,88.4,,85.9
Apr-12,66.9,74.9,76.1,76.3,70.3,74.4,74.7,76.6,73.9,75.6,73.6,66.3,75.7,72.6,76.3,78.9,77.0,77.7,71.5,73.9,73.2,72.3,68.2,72.3,75.2,80.9,75.1,70.8,76.4,67.6,66.6,69.5,66.6,,70.4,75.0,,99.0,94.3,94.0,90.1,91.1,84.5,74.2,84.3,89.7,,87.0
May-12,73.2,75.7,76.6,76.5,71.4,74.5,74.8,76.8,75.4,76.4,74.3,67.5,75.4,74.0,75.9,79.1,77.4,78.3,73.6,74.2,74.7,73.4,69.8,73.7,76.7,82.0,75.3,74.0,77.3,67.2,67.6,72.7,68.1,,71.8,75.6,,98.7,93.7,95.2,90.0,90.8,84.8,75.5,84.4,89.4,,87.3
Jun-12,69.2,76.4,78.4,77.4,73.9,75.6,74.7,77.3,78.0,78.0,75.2,68.4,77.7,75.0,78.0,79.3,78.2,79.9,73.7,78.5,75.6,75.5,70.6,75.1,76.4,82.3,77.1,75.8,77.6,69.3,68.7,74.0,72.2,,73.4,76.8,,100.2,95.4,96.2,90.8,93.1,84.8,76.2,84.7,90.1,,88.1
Jul-12,69.3,76.3,78.5,77.9,76.6,76.3,78.0,77.0,79.9,78.3,76.0,69.1,79.3,75.3,77.6,80.2,79.1,81.3,70.6,78.6,76.3,76.0,71.5,76.2,77.8,83.1,79.0,77.9,78.4,69.6,69.9,76.2,72.9,,74.2,77.6,,100.0,94.8,96.3,91.7,92.9,85.9,76.7,85.6,90.9,,88.6
Aug-12,63.3,75.5,78.6,78.4,78.9,76.9,79.8,76.9,80.2,79.7,76.0,70.9,80.9,76.3,79.5,79.6,79.4,81.7,68.8,79.4,77.2,76.7,71.5,76.8,77.3,82.9,79.4,76.0,77.7,71.3,69.7,77.1,75.7,,74.9,78.0,,102.2,95.7,96.8,91.0,92.9,86.0,77.0,86.0,90.2,,88.8
Sep-12,67.1,75.1,79.6,78.5,76.5,76.4,79.7,77.2,79.1,80.4,75.8,71.9,80.4,77.3,79.6,80.3,80.4,82.5,69.8,80.6,77.9,75.8,73.0,76.9,77.0,83.9,78.5,75.5,78.5,71.0,69.4,77.6,74.8,,75.1,78.1,,100.9,95.5,95.9,90.6,92.8,85.4,76.6,86.3,90.0,,88.5
Oct-12,66.6,75.1,79.4,78.7,75.5,76.7,77.2,77.4,79.0,80.8,75.6,71.2,82.5,77.6,81.2,80.4,81.1,82.4,72.4,82.0,78.9,76.7,73.6,77.4,76.1,84.0,76.9,74.1,78.8,72.2,68.4,76.0,75.4,,75.3,78.2,,99.7,93.4,94.9,90.7,91.8,85.7,77.0,84.9,90.1,,88.0
Nov-12,66.5,75.7,79.2,78.5,74.3,76.6,77.5,77.7,79.9,81.0,75.5,72.5,81.1,76.8,80.2,81.2,81.2,82.1,74.9,81.6,77.8,75.8,72.7,75.7,76.0,82.8,77.9,74.8,79.4,72.2,68.5,75.0,74.6,,75.1,78.1,,99.7,94.8,95.7,90.8,92.6,85.4,76.6,84.8,89.9,,88.1
Dec-12,62.7,76.3,78.3,79.1,76.2,77.4,80.6,78.5,79.4,80.7,76.2,73.0,83.5,76.7,79.5,80.6,80.7,82.0,75.0,79.6,78.8,76.2,72.1,76.6,77.1,81.4,78.6,77.8,79.4,72.6,69.9,76.0,76.3,,75.9,78.3,,98.0,94.0,95.3,90.4,92.9,85.0,77.9,85.3,88.3,,87.9
Jan-13,59.4,76.3,78.7,79.9,77.0,76.9,81.5,78.2,78.8,81.6,76.6,74.8,82.1,77.1,78.5,79.3,80.3,81.3,77.4,81.3,78.6,75.2,71.3,77.7,77.8,80.9,79.9,76.6,79.2,72.2,69.9,77.5,75.4,,76.1,78.3,,97.0,91.6,92.2,89.5,91.4,85.1,77.3,85.0,89.2,,87.2
Feb-13,63.7,77.0,78.7,80.5,76.6,76.6,84.7,77.6,78.2,80.6,77.1,75.2,84.4,78.1,79.2,79.3,79.4,80.8,75.8,80.8,78.9,77.3,71.9,78.6,78.3,81.1,79.9,78.8,79.1,72.3,70.8,79.5,75.1,,77.1,78.3,,95.6,93.4,94.1,89.5,91.7,84.3,77.8,84.5,88.9,,87.4
Mar-13,67.4,77.0,78.8,80.4,76.4,76.2,82.5,77.4,78.0,80.7,77.8,75.6,84.2,79.2,79.6,79.3,79.1,83.1,76.8,82.0,79.1,78.5,72.1,77.4,78.6,82.4,80.0,73.8,79.0,70.5,70.8,78.5,74.8,,76.7,78.4,,98.3,93.3,93.8,90.2,92.0,86.0,77.5,85.1,89.5,,87.8
Apr-13,75.4,77.2,78.4,80.6,77.2,77.0,84.4,77.8,79.7,79.4,77.8,76.1,83.4,79.0,79.5,80.3,79.6,85.4,77.1,79.4,79.9,79.6,73.8,77.2,79.2,82.1,81.1,77.8,79.0,71.7,72.2,79.6,79.0,,78.0,78.8,,98.4,93.7,94.0,90.7,92.2,86.2,79.7,86.0,90.8,,88.7
May-13,73.8,77.5,79.0,80.3,77.7,77.6,84.6,79.8,80.3,80.2,78.7,76.3,84.6,79.5,80.0,81.1,81.1,87.6,77.7,82.7,81.1,78.6,74.4,78.0,79.7,82.5,81.4,78.7,80.7,72.0,73.8,79.4,80.5,,78.5,79.7,,98.9,94.2,95.5,91.8,92.8,85.8,80.0,86.2,90.6,,89.0
Jun-13,84.6,78.5,79.7,80.4,79.1,78.9,87.2,81.3,82.5,80.7,78.4,77.2,83.1,77.0,80.7,81.0,82.2,86.6,78.8,85.5,80.2,79.6,75.5,80.1,80.8,83.2,82.5,81.9,81.4,74.7,74.4,81.0,81.3,,79.8,80.5,,98.7,95.3,96.0,92.0,94.2,86.8,80.6,87.2,90.8,,89.8
Jul-13,83.1,79.3,81.8,80.2,79.5,79.7,89.0,82.5,83.5,82.4,79.3,78.4,85.5,79.9,82.4,81.8,82.4,87.0,79.7,88.3,79.9,81.9,75.8,81.8,80.6,85.4,82.8,81.3,82.4,75.3,75.7,82.2,80.5,,80.9,81.5,,101.2,95.3,96.6,92.8,94.7,88.2,82.7,88.3,91.6,,90.8
Aug-13,82.4,78.9,82.8,81.5,82.2,80.9,91.9,83.1,84.2,84.3,80.2,80.9,85.5,82.2,83.2,81.5,82.2,88.5,81.9,90.6,80.1,83.2,77.8,84.2,80.8,86.4,85.1,81.0,82.9,76.0,76.3,84.4,79.8,,82.2,82.4,,102.6,96.7,96.9,93.7,95.6,88.6,83.3,88.5,92.3,,91.5
Sep-13,67.6,79.4,83.5,82.5,83.5,81.4,91.7,83.1,84.6,84.9,81.6,84.1,89.6,87.3,83.5,82.5,82.6,89.6,82.8,92.7,82.0,85.5,79.6,85.9,80.5,87.1,85.9,83.3,83.4,76.6,78.2,87.5,83.4,,84.2,83.3,,101.7,96.6,97.8,93.4,94.4,88.5,84.5,88.8,93.0,,91.7
Oct-13,67.3,80.3,83.6,83.6,84.1,82.2,89.6,83.9,83.8,85.9,82.0,83.7,90.6,87.6,83.8,83.3,83.7,90.6,83.7,89.3,83.2,87.8,81.6,84.6,80.4,87.3,86.5,84.1,84.7,79.7,78.7,86.9,85.4,,84.9,83.8,,96.3,94.9,96.2,94.0,95.3,89.2,84.4,88.8,92.7,,91.4
Nov-13,69.8,82.7,84.7,83.8,85.4,82.9,86.1,84.2,84.7,85.6,83.1,84.7,90.6,87.3,84.6,84.1,84.4,89.8,85.9,89.0,84.0,89.3,82.5,84.1,82.0,87.7,85.4,84.1,85.2,83.4,79.4,87.2,87.5,,85.8,84.3,,99.4,95.6,96.8,93.4,95.5,88.8,85.3,89.6,92.8,,91.8
Dec-13,78.5,83.2,85.0,84.8,85.1,84.3,87.2,85.2,85.6,86.9,85.4,85.8,91.0,85.6,86.2,85.1,85.4,90.0,87.6,87.9,84.9,90.7,83.4,84.6,82.5,88.5,84.9,86.8,86.2,86.4,80.7,87.4,87.8,,86.8,85.2,,99.2,96.6,97.9,95.0,95.8,90.8,87.4,90.2,93.3,,92.9
Jan-14,79.8,84.0,86.3,85.7,86.3,84.7,90.4,86.3,88.4,86.5,87.1,88.4,91.0,88.3,86.7,85.8,85.6,90.4,88.9,91.7,86.5,89.5,85.1,89.0,84.3,89.1,86.5,88.6,87.6,87.2,82.4,89.8,87.6,,88.3,86.4,,97.8,95.4,96.6,94.5,95.9,90.2,88.3,91.0,93.1,,92.8
Feb-14,82.7,84.3,87.5,86.5,86.2,85.4,93.5,87.7,89.9,87.1,87.8,90.2,93.2,87.8,86.5,87.1,86.8,90.5,89.5,91.2,88.2,92.1,86.0,91.0,84.2,89.7,87.0,89.7,88.5,88.6,84.7,91.8,90.1,,89.8,87.4,,98.0,96.6,98.1,95.5,95.3,90.8,88.8,91.1,93.5,,93.3
Mar-14,83.5,86.3,89.2,86.9,86.9,85.6,93.5,89.1,91.6,87.6,87.0,92.4,93.0,88.8,87.0,88.3,86.9,91.5,90.5,92.1,90.1,91.1,87.3,92.4,84.3,89.0,90.1,88.4,89.4,90.3,85.7,93.3,89.9,,90.3,88.3,,99.3,95.6,96.8,95.3,96.6,91.3,89.7,91.9,94.2,,93.7
Apr-14,84.9,87.7,89.9,88.6,89.7,87.9,94.7,92.0,93.3,89.0,89.4,93.9,94.4,88.3,88.4,90.2,88.1,90.7,90.6,93.7,91.7,93.8,88.6,93.8,87.2,89.3,93.5,89.0,90.4,92.4,87.3,95.6,91.2,,91.8,90.0,,101.0,98.2,99.5,97.2,97.8,93.1,93.2,93.3,95.9,,95.8
May-14,87.1,89.3,91.3,90.2,92.5,90.3,97.0,93.8,95.8,90.3,91.5,96.4,95.1,92.2,90.2,91.5,90.8,92.3,92.6,96.2,92.8,96.1,91.9,96.2,89.6,90.4,96.8,93.4,91.4,93.4,89.0,97.9,91.8,,94.2,91.9,,101.2,98.6,100.1,97.6,98.1,94.7,95.0,94.9,95.9,,96.7
Jun-14,89.0,90.0,92.9,92.6,94.8,93.3,100.0,95.0,98.3,91.6,96.2,98.1,97.4,95.7,91.1,92.8,93.1,93.6,94.3,98.8,94.7,98.7,93.0,100.6,92.8,92.4,98.9,95.4,92.7,93.8,91.3,100.5,94.5,,96.4,94.0,,103.5,99.9,100.2,98.6,99.4,95.5,96.1,95.7,96.2,,97.6
Jul-14,92.4,91.8,95.0,95.5,95.6,95.8,102.3,95.7,100.2,94.0,96.0,100.0,101.2,98.1,92.5,94.0,94.8,98.9,97.3,102.5,97.1,101.1,94.6,102.7,94.8,94.3,100.8,97.8,94.1,93.4,94.8,101.8,96.4,,98.3,95.9,,103.5,100.4,101.4,99.3,99.6,97.2,99.0,97.3,98.2,,99.0
Aug-14,97.2,93.1,96.8,97.5,96.1,97.1,103.2,98.3,102.5,96.5,98.8,102.3,104.1,100.1,93.6,96.0,95.3,101.9,99.1,102.6,99.9,101.8,96.1,106.5,97.3,95.7,102.4,98.8,96.8,94.8,97.3,103.5,97.2,,99.8,98.0,,103.6,101.6,102.6,100.9,101.2,98.2,100.5,98.6,99.5,,100.3
Sep-14,96.2,95.6,97.7,98.8,97.9,99.2,104.4,100.6,102.8,97.8,98.2,102.6,105.6,102.0,95.8,97.5,96.3,103.7,100.7,102.4,100.2,104.8,97.6,105.3,99.3,96.2,103.8,102.0,100.3,96.2,100.6,103.0,97.6,,101.2,99.3,,102.6,101.5,101.2,101.0,100.8,99.1,100.2,99.4,100.3,,100.4
Oct-14,97.4,97.2,97.8,98.7,97.0,99.8,101.4,102.0,101.1,98.9,98.9,102.9,104.2,103.1,97.0,98.6,97.0,103.3,100.1,101.6,99.6,105.2,97.4,105.8,100.1,97.3,102.8,102.5,101.8,98.7,101.0,102.4,97.9,,101.2,99.8,,101.2,101.0,101.8,100.3,100.8,99.6,99.9,99.5,99.7,,100.2
Nov-14,97.3,98.4,97.2,99.5,97.6,100.4,100.0,101.0,100.2,99.2,98.2,99.4,101.9,101.8,99.0,98.7,97.4,103.2,97.5,103.9,100.2,103.8,97.5,102.3,100.4,98.9,102.7,102.2,102.0,98.2,100.9,100.0,99.7,,100.3,99.8,,101.4,100.6,101.6,100.2,100.7,99.2,99.5,99.3,99.0,,99.9
Dec-14,98.7,99.2,97.7,100.1,99.2,100.0,98.9,100.5,100.1,99.7,98.6,100.3,100.4,100.7,100.3,99.8,98.0,102.0,98.2,100.5,100.5,101.4,98.5,101.7,100.4,100.5,102.0,100.1,100.8,99.3,100.8,100.1,99.9,,99.9,100.0,,101.4,100.5,102.2,100.2,101.0,99.5,100.0,99.8,99.4,,100.2
Jan-15,100.0,100.0,100.0,100.0,100.0,100.0,100.0,100.0,100.0,100.0,100.0,100.0,100.0,100.0,100.0,100.0,100.0,100.0,100.0,100.0,100.0,100.0,100.0,100.0,100.0,100.0,100.0,100.0,100.0,100.0,100.0,100.0,100.0,,100.0,100.0,,100.0,100.0,100.0,100.0,100.0,100.0,100.0,100.0,100.0,,100.0
Feb-15,97.1,101.3,102.2,99.8,99.5,99.4,99.9,100.5,99.9,100.2,99.9,102.3,100.4,99.3,100.0,100.7,101.3,98.4,103.2,98.0,98.8,99.4,100.9,101.3,100.6,100.7,99.8,99.5,101.0,100.5,99.6,101.2,100.3,,100.4,100.2,,101.2,100.8,100.6,100.4,101.1,100.5,100.5,99.9,98.7,,100.3
Mar-15,97.9,101.1,102.6,99.7,100.2,99.2,98.3,101.4,99.8,101.1,99.2,101.7,101.5,98.5,99.2,101.1,102.5,100.2,102.2,99.5,99.4,100.4,100.1,102.5,101.7,100.5,100.0,99.6,101.1,99.6,99.1,101.3,98.9,,100.3,100.5,,100.4,99.4,101.2,100.7,100.4,100.5,100.5,100.1,99.6,,100.2
Apr-15,93.0,101.0,102.3,100.0,101.6,99.4,97.4,102.4,101.6,101.8,98.8,105.3,102.6,99.7,100.7,101.1,102.8,101.4,104.0,98.3,100.8,100.9,100.2,103.2,103.4,101.7,102.1,99.9,102.1,100.4,100.3,101.4,96.8,,100.8,101.3,,103.8,100.9,101.7,101.3,102.0,101.6,101.9,101.4,100.8,,101.5
May-15,97.3,100.8,101.0,101.0,104.1,101.1,96.9,103.0,102.4,102.7,100.7,107.8,104.2,101.3,101.6,101.9,103.6,103.7,104.5,99.5,100.3,104.2,101.0,104.7,104.8,101.2,101.8,102.4,102.3,103.7,101.1,100.4,94.5,,102.0,102.0,,102.9,102.7,104.0,102.6,102.5,103.0,103.2,102.4,101.2,,102.7
Jun-15,99.1,103.4,102.6,102.2,103.1,102.5,100.1,103.8,104.3,103.9,103.3,109.8,105.3,102.9,102.9,102.5,104.5,104.2,105.7,98.5,100.6,106.0,102.8,105.0,105.4,103.6,102.3,104.3,102.9,105.5,103.6,100.5,95.1,,103.3,103.2,,104.6,102.3,104.2,103.4,103.6,103.4,104.1,103.9,102.2,,103.5
Jul-15,99.4,107.1,101.9,105.2,103.7,103.1,103.1,106.0,106.6,106.1,106.6,110.7,105.5,103.9,104.1,105.0,105.5,105.9,104.8,101.1,101.8,109.8,105.0,109.5,106.9,105.5,103.5,106.4,105.2,104.8,105.0,102.6,98.2,,105.0,105.0,,104.7,104.0,106.3,104.9,104.6,105.9,107.1,105.7,103.4,,105.3
Aug-15,97.0,109.8,103.8,107.1,104.8,104.4,106.5,108.4,108.1,108.9,107.4,111.9,106.6,107.2,107.0,106.0,108.0,107.0,104.8,100.2,105.3,113.2,105.8,110.6,108.4,108.2,106.7,107.9,106.5,103.1,108.2,105.5,95.8,,106.1,107.0,,105.5,104.7,106.7,106.2,105.8,107.1,108.3,107.0,104.9,,106.4
Sep-15,97.9,110.6,105.0,109.4,106.4,105.6,108.3,110.9,110.1,110.8,107.6,111.6,106.4,111.4,108.5,108.0,110.3,109.1,106.7,103.1,105.6,115.2,108.3,113.2,110.9,109.3,108.4,108.6,108.6,103.6,109.7,106.5,99.5,,107.8,108.7,,105.2,104.9,106.2,105.5,105.6,108.3,109.2,107.4,105.4,,106.7
Oct-15,99.7,110.7,106.7,109.3,109.2,107.8,107.6,111.9,112.2,111.9,108.1,111.2,104.6,112.8,109.8,109.7,112.8,108.9,106.6,96.6,105.6,113.1,108.9,113.1,112.5,111.7,110.4,109.0,109.1,104.8,112.3,107.1,98.7,,107.6,110.0,,103.7,104.4,106.0,106.6,105.6,108.8,109.3,108.2,105.3,,106.8
Nov-15,94.6,112.2,108.3,110.3,107.7,108.6,106.1,113.0,115.0,112.6,109.3,110.8,104.2,114.4,109.7,111.8,113.9,109.4,105.9,98.6,105.2,110.4,108.8,115.4,114.2,113.3,108.6,108.7,110.1,108.2,113.7,107.1,103.8,,108.1,110.9,,105.0,105.0,106.5,107.0,106.4,110.3,110.6,108.9,106.4,,107.7
Dec-15,91.0,115.0,108.7,113.0,110.8,110.3,103.5,114.4,115.4,113.8,113.5,112.7,105.4,113.7,111.6,113.3,115.0,110.0,103.6,96.3,107.9,109.8,110.1,115.6,114.9,113.5,108.0,109.3,111.1,109.1,114.1,107.3,103.8,,108.1,112.3,,105.5,105.0,106.9,107.4,106.7,110.8,111.7,110.0,106.6,,108.2
Jan-16,94.0,117.6,111.0,117.5,111.0,110.9,105.0,115.2,114.1,115.2,115.1,116.4,105.2,113.9,111.9,114.4,116.2,112.1,103.6,101.7,109.0,111.3,113.1,114.8,117.2,114.2,108.5,110.8,111.8,112.7,115.7,107.7,104.9,,109.9,113.5,,103.4,105.2,106.2,107.3,107.0,111.8,113.6,110.9,106.4,,108.6
Feb-16,97.7,119.4,110.5,120.5,114.1,111.8,107.5,117.0,114.3,116.4,115.2,118.6,105.6,112.3,113.7,116.6,118.2,112.5,102.0,98.6,109.7,113.8,116.6,113.7,118.5,116.2,110.1,111.6,114.2,113.1,119.4,107.2,101.3,,110.3,114.8,,103.4,105.1,106.5,107.0,106.3,111.9,113.6,111.6,106.9,,108.8
Mar-16,101.4,121.0,111.3,120.0,112.0,112.3,111.0,118.4,114.7,117.8,113.5,120.7,104.5,111.9,114.4,119.3,119.1,114.1,104.8,100.4,110.3,116.2,117.5,116.7,120.9,119.4,111.7,114.8,115.1,115.3,121.4,108.7,99.5,,111.9,115.8,,104.8,104.0,105.6,107.5,106.7,113.8,115.3,113.3,109.7,,109.8
Apr-16,102.8,121.2,112.1,119.2,114.7,113.3,108.9,120.6,115.7,119.7,115.6,114.0,106.3,112.3,115.6,120.1,119.3,114.3,103.9,99.2,112.0,116.5,117.8,118.7,121.4,119.6,109.1,115.1,117.1,112.2,121.3,109.1,98.9,,111.2,116.7,,104.5,107.8,108.8,109.3,109.0,113.8,114.5,112.4,106.9,,110.3
May-16,107.9,121.8,115.7,120.1,115.5,114.0,104.9,122.2,113.9,120.9,118.6,109.9,105.7,115.1,115.5,121.4,120.1,117.2,104.8,97.7,114.5,115.8,118.7,121.1,123.6,119.7,110.4,115.8,118.1,110.6,119.1,110.7,103.2,,111.5,117.9,,106.4,108.6,109.2,109.8,110.1,115.8,116.0,113.7,108.7,,111.6
Jun-16,115.9,122.4,117.0,122.5,116.7,115.9,100.2,124.1,115.7,121.6,119.9,106.6,106.3,116.4,115.0,122.2,121.5,116.1,102.7,94.9,116.1,115.6,119.0,120.9,126.3,119.5,110.3,112.7,120.2,108.0,119.8,110.1,104.2,,110.6,118.9,,108.3,108.9,110.4,110.7,111.4,117.1,116.2,115.2,109.8,,112.6
Jul-16,116.4,124.6,116.0,124.3,117.0,117.8,98.0,126.0,116.0,122.7,119.6,109.9,103.7,118.7,116.3,125.3,123.4,118.0,105.3,93.6,116.5,118.5,120.7,120.4,128.0,121.3,114.1,113.0,121.5,108.9,122.2,110.9,105.0,,111.5,120.3,,109.0,110.5,111.1,111.8,111.5,118.6,118.0,116.7,110.7,,113.8
Aug-16,108.2,127.0,115.4,124.9,115.7,118.8,100.0,128.0,117.3,124.7,119.5,112.0,102.4,116.6,118.0,126.3,123.3,118.8,106.7,91.9,115.1,120.1,120.4,120.1,129.2,122.9,113.0,113.8,122.4,110.3,122.7,110.1,101.0,,111.5,120.9,,107.6,110.4,111.2,112.4,112.8,118.8,117.2,117.0,111.3,,114.0
Sep-16,99.6,128.9,115.9,125.8,118.0,117.6,102.2,127.8,115.8,127.1,119.2,114.6,99.8,118.7,118.1,128.5,122.8,116.0,105.0,93.4,113.1,120.2,120.8,119.2,130.3,124.0,112.3,115.9,122.0,113.9,122.8,110.7,99.1,,112.3,120.9,,106.5,110.3,110.5,112.8,112.7,119.6,117.1,116.1,111.4,,113.8
Oct-16,101.1,130.1,115.7,126.1,119.3,115.4,104.6,127.4,115.7,126.8,118.0,116.4,98.4,118.0,119.1,128.2,123.1,114.7,103.0,92.7,113.4,118.2,119.4,118.8,129.2,123.5,107.7,116.7,121.9,114.3,124.1,111.6,98.5,,112.1,120.4,,106.0,109.0,110.4,112.2,111.6,119.4,116.9,116.3,110.7,,113.4
Nov-16,104.5,129.9,114.1,126.8,118.8,114.6,107.9,125.9,115.3,126.0,116.9,118.8,98.7,117.4,117.7,128.4,123.3,113.2,103.4,98.6,114.0,117.3,118.6,115.2,129.7,122.5,107.8,115.3,120.8,114.9,127.2,111.1,102.3,,112.8,119.8,,106.6,110.1,111.1,113.1,113.0,119.8,116.9,116.2,111.4,,113.9
Dec-16,103.6,129.8,113.2,126.5,116.0,115.1,108.1,125.9,117.7,124.8,117.9,116.9,100.6,117.4,118.8,126.3,124.5,116.8,105.1,103.3,115.0,116.1,117.2,114.6,127.0,123.7,107.5,114.0,120.3,113.1,128.1,111.1,105.4,,112.6,120.0,,107.8,109.9,112.1,113.7,113.2,120.9,117.3,116.7,111.0,,114.3
Jan-17,104.7,128.3,115.5,126.1,111.7,117.1,111.2,125.8,118.7,124.0,118.7,119.6,103.1,120.9,117.2,126.8,124.1,119.1,103.8,106.2,114.2,115.5,117.8,113.9,127.7,125.7,110.4,112.8,118.9,112.5,128.6,109.0,106.5,,113.0,120.3,,104.2,109.8,109.4,112.6,112.5,120.5,118.1,118.1,112.2,,114.2
Feb-17,104.7,127.5,117.1,125.6,112.5,117.0,107.1,127.1,118.7,122.2,119.7,117.5,104.4,124.4,119.1,127.6,125.4,119.5,101.0,107.5,115.1,115.0,118.6,116.8,129.2,124.8,110.3,112.6,119.3,115.5,127.2,109.8,110.0,,113.6,120.8,,105.9,111.0,110.7,114.0,113.1,121.5,118.3,117.1,112.3,,114.7
Mar-17,109.0,126.4,119.1,125.6,114.7,116.8,105.7,127.7,117.8,121.2,119.3,114.1,102.5,122.6,119.4,128.7,125.1,122.5,100.9,105.1,113.7,115.4,120.8,116.7,131.1,124.0,111.5,115.1,120.7,113.6,129.0,112.4,108.6,,113.6,121.2,,104.0,110.0,109.9,113.9,113.1,120.7,118.0,117.2,111.9,,114.2
Apr-17,115.6,127.5,117.8,125.7,115.5,116.7,103.8,128.0,116.9,123.1,120.9,109.5,105.7,119.6,122.0,127.6,124.6,122.4,103.7,106.6,115.0,115.5,119.4,120.7,131.3,122.3,111.9,115.6,122.3,114.2,126.8,113.9,113.6,,114.1,121.4,,106.6,111.9,112.5,115.8,114.3,122.4,119.1,118.4,113.0,,115.9
May-17,119.9,130.0,118.1,127.5,115.9,118.0,105.9,127.7,117.9,125.5,121.2,107.5,103.1,120.2,121.5,126.7,123.7,120.8,107.0,105.7,114.9,117.4,119.6,121.3,131.5,125.1,113.1,117.5,122.7,110.1,127.6,113.6,112.5,,114.0,122.1,,108.5,112.6,113.5,116.5,115.4,123.6,119.4,119.1,113.9,,116.7
Jun-17,118.8,131.6,115.2,128.7,116.4,119.0,109.6,129.2,117.3,127.0,124.5,113.6,103.2,122.8,121.3,127.8,124.2,117.9,108.0,102.1,116.8,119.0,119.1,122.6,130.2,123.9,113.7,117.7,123.3,111.1,125.8,112.0,111.4,,114.5,122.4,,109.3,114.0,114.4,117.3,116.7,124.1,119.2,120.2,115.1,,117.6
Jul-17,109.1,132.6,114.4,131.4,116.1,119.4,112.4,130.5,118.7,127.6,127.4,116.6,102.7,124.7,119.5,131.0,125.8,117.7,108.4,99.3,116.0,120.8,121.7,120.1,130.8,125.9,113.7,118.4,123.8,110.3,128.7,112.7,108.4,,115.1,123.2,,109.2,115.2,114.9,119.2,118.0,126.1,121.3,121.2,116.9,,119.0
Aug-17,108.1,132.2,114.1,131.6,117.8,119.1,112.3,131.0,118.4,127.6,128.4,121.9,106.7,124.7,119.7,132.4,125.4,120.1,109.3,95.8,115.7,120.4,122.8,121.9,129.8,126.5,115.1,119.8,124.4,109.4,129.3,114.4,106.0,,115.7,123.7,,110.7,116.3,116.1,118.9,119.3,126.0,120.9,122.0,117.6,,119.6
Sep-17,106.8,132.9,116.6,129.8,116.0,119.1,112.3,131.2,118.6,127.9,128.6,122.6,103.6,124.5,120.5,133.1,126.9,118.6,108.8,96.7,116.6,120.2,124.3,122.6,132.8,129.6,113.7,118.9,124.3,111.5,131.1,113.1,106.6,,115.8,124.1,,108.9,116.0,116.0,119.6,118.6,126.3,120.1,121.8,117.1,,119.3
Oct-17,104.4,133.3,117.9,128.3,115.6,118.9,108.5,130.1,117.0,126.2,126.0,122.4,102.5,122.4,122.7,132.2,126.5,118.6,106.8,97.3,116.7,118.7,122.8,125.8,132.3,129.9,112.8,117.1,124.0,115.1,130.6,111.0,106.0,,114.8,123.8,,109.8,115.6,115.2,119.8,119.0,126.4,119.6,121.6,117.9,,119.3
Nov-17,100.8,133.5,117.4,128.5,114.7,119.4,110.0,130.1,116.2,125.8,124.6,119.6,101.3,119.5,121.7,131.9,125.6,117.8,104.5,102.4,115.4,117.0,122.4,123.9,129.9,128.9,109.9,110.4,124.0,115.6,130.1,109.2,106.5,,113.5,123.1,,108.5,116.0,115.4,119.7,118.9,125.8,118.2,120.9,117.1,,118.8
Dec-17,99.3,133.1,116.8,130.1,116.9,119.5,109.7,129.6,113.8,125.1,121.5,118.7,101.4,120.6,121.3,131.8,123.8,120.6,103.7,103.9,113.7,115.4,120.1,121.8,125.6,128.2,109.6,108.6,122.9,114.3,130.3,107.8,112.2,,112.8,122.7,,111.1,116.8,116.4,120.4,120.0,126.6,118.4,121.1,117.1,,119.5
Jan-18,102.4,132.5,115.3,130.7,116.8,119.8,111.7,128.9,114.9,125.0,121.8,117.5,98.9,120.3,121.3,131.0,122.5,120.2,105.8,111.4,114.8,116.5,119.7,117.9,123.6,129.8,107.7,110.0,122.3,110.0,131.9,107.2,114.3,,112.9,122.3,,114.4,106.0,114.5,120.1,118.4,126.6,119.1,121.2,118.6,,118.8
Feb-18,99.9,133.0,115.2,130.4,116.7,119.6,113.7,128.5,115.6,125.8,122.2,118.0,97.1,122.4,121.4,131.7,123.2,119.8,105.0,105.0,115.4,116.3,119.1,116.7,125.0,130.5,107.3,115.2,120.9,109.1,132.1,107.4,114.4,,113.2,122.4,,115.8,107.9,114.3,121.8,120.2,126.3,118.6,121.3,117.8,,119.3
Mar-18,94.5,132.6,116.6,129.8,114.2,118.4,110.9,126.7,117.3,125.8,122.1,113.7,99.5,120.5,120.9,131.6,122.9,117.5,105.8,106.0,115.8,115.6,119.4,116.6,126.9,130.4,107.8,116.0,122.3,109.6,130.4,107.0,108.6,,112.7,122.1,,114.4,105.9,114.9,120.3,119.8,125.5,117.3,120.8,117.7,,118.5
Apr-18,93.5,132.3,117.4,129.3,114.8,118.2,112.6,127.5,116.7,125.6,120.7,112.9,97.0,121.8,119.1,132.9,123.6,115.7,103.4,100.9,115.7,117.0,120.4,116.5,129.7,126.8,109.4,115.8,122.2,112.0,127.2,107.4,102.8,,112.7,121.8,,116.0,109.5,115.6,121.9,120.6,126.0,118.5,121.3,117.6,,119.5
May-18,101.6,131.9,115.5,128.5,113.7,117.4,108.9,128.3,114.7,126.0,121.8,115.2,97.3,120.7,118.5,133.5,124.5,116.5,105.6,99.1,117.5,117.6,121.8,118.2,130.5,127.4,110.7,112.8,123.6,114.1,127.0,107.1,100.4,,112.6,121.9,,116.7,110.0,117.2,122.9,120.6,126.3,118.8,121.5,118.0,,120.0
Jun-18,100.7,133.7,113.7,130.5,116.5,117.2,110.7,129.7,115.6,125.5,122.5,117.7,97.3,120.2,118.9,133.9,125.7,119.2,106.3,99.5,119.7,119.0,122.8,121.4,131.8,127.8,109.8,112.0,124.1,111.7,128.4,108.4,99.1,,113.0,122.7,,117.9,109.3,117.9,123.1,122.2,126.8,119.2,122.5,118.7,,120.8
Jul-18,103.3,134.0,113.4,132.1,119.4,118.2,109.3,129.8,115.8,125.8,122.6,117.9,100.6,122.0,119.1,134.7,125.8,120.6,109.9,101.6,119.5,116.1,121.6,125.2,132.4,130.6,111.6,112.1,125.4,110.5,131.2,108.2,98.7,,113.0,123.7,,119.3,112.0,119.0,124.5,123.8,128.7,120.3,123.5,120.6,,122.2
Aug-18,100.1,134.5,115.7,132.8,115.7,119.2,107.5,128.8,117.8,125.0,122.0,116.1,100.8,121.8,118.9,134.3,125.4,118.2,108.4,108.0,118.3,114.1,120.5,125.1,131.6,130.4,112.5,113.2,126.0,108.3,131.6,109.4,100.6,,112.8,124.0,,111.3,119.9,120.5,125.3,126.5,128.8,119.0,123.9,121.4,,122.6
Sep-18,102.2,134.7,115.9,132.2,115.9,120.5,106.2,128.7,117.7,124.9,123.6,114.5,99.8,122.9,118.2,134.3,124.3,115.9,107.2,105.7,116.1,112.4,120.4,123.6,131.7,131.2,114.2,111.6,124.2,108.4,132.2,108.7,104.8,,112.4,123.8,,111.2,119.9,119.1,126.3,127.4,128.2,118.3,123.5,121.6,,122.4
Oct-18,102.5,136.2,116.5,131.7,116.5,120.0,105.0,128.2,116.7,125.8,124.7,116.2,100.9,120.1,119.0,134.2,123.6,117.1,103.0,102.6,115.3,114.5,122.8,122.5,130.0,131.7,110.9,110.5,124.2,107.0,130.4,108.2,105.0,,112.0,123.4,,111.6,120.4,118.8,124.7,127.5,128.3,119.1,122.4,120.7,,122.1
Nov-18,97.5,137.5,116.0,131.5,116.0,119.5,104.9,127.7,117.1,124.8,122.3,115.8,99.5,119.6,117.3,133.8,123.2,119.6,103.3,103.8,115.2,116.1,122.5,122.1,128.4,132.5,109.4,111.6,122.7,107.8,129.6,106.3,105.5,,111.8,122.8,,110.0,119.9,118.5,125.6,128.0,128.5,117.8,122.0,120.6,,121.7
Dec-18,103.6,136.8,115.7,131.3,115.7,118.9,112.7,126.1,116.9,125.8,121.6,116.8,100.1,119.5,118.3,134.1,124.3,119.7,101.4,102.5,113.9,115.8,120.6,121.9,127.4,131.3,108.9,112.2,122.1,107.8,129.6,107.5,98.8,,111.7,122.5,,110.0,119.7,119.2,124.8,128.3,127.4,117.5,121.3,120.6,,121.5
Jan-19,110.5,135.0,114.6,129.4,113.3,118.2,112.7,126.4,117.2,125.2,121.5,112.4,98.6,119.6,116.0,132.2,125.0,118.5,103.1,97.9,112.9,113.7,118.2,120.7,128.7,129.5,110.4,111.8,121.7,106.6,128.5,106.1,98.2,,110.6,121.9,,107.1,118.6,117.8,124.4,123.2,126.5,116.7,121.7,119.6,,120.6
Feb-19,114.1,133.5,113.5,129.6,113.1,117.9,112.2,126.2,115.6,125.7,123.5,113.4,97.9,119.5,116.3,131.3,125.1,116.5,101.7,95.9,111.4,112.3,117.1,122.5,130.7,126.6,110.6,109.4,121.7,105.0,128.9,104.7,94.0,,109.4,121.6,,106.3,119.1,117.0,124.3,124.4,127.0,115.7,120.9,119.9,,120.5
Mar-19,108.9,133.6,112.0,128.6,112.4,116.9,105.1,127.2,113.2,124.6,121.5,118.2,97.8,117.7,113.9,129.5,123.9,117.3,101.9,92.8,111.2,112.8,118.0,119.1,131.9,124.7,109.0,109.6,120.9,105.3,126.8,103.4,97.9,,109.2,120.4,,106.4,118.1,118.1,124.0,122.9,125.6,115.2,119.7,118.9,,119.8
Apr-19,94.3,134.3,111.0,129.6,115.0,115.8,106.7,125.9,112.0,124.7,120.2,121.9,97.5,116.2,114.3,129.3,122.4,117.9,100.7,96.2,111.1,113.3,117.8,118.1,131.9,123.6,107.7,108.8,119.7,106.2,127.6,104.4,101.8,,109.8,119.9,,110.0,119.3,118.9,124.7,123.2,126.2,116.6,120.4,118.8,,120.6
May-19,91.8,134.1,109.3,128.7,114.0,114.7,109.3,126.1,112.9,122.8,119.7,119.7,97.9,118.8,113.5,130.1,121.2,118.6,101.6,93.5,110.7,112.3,118.7,114.8,132.4,123.6,107.2,111.3,120.0,105.1,125.7,104.6,104.7,,110.3,119.2,,110.0,120.5,119.1,124.9,124.1,126.5,115.1,120.2,118.6,,120.7
Jun-19,97.2,133.5,111.1,129.5,112.4,115.1,113.5,125.9,115.0,123.4,122.3,116.8,97.2,118.4,114.6,131.6,119.7,119.5,101.6,97.9,113.4,114.3,118.9,117.1,129.3,125.6,109.7,110.8,120.5,105.2,124.4,103.9,102.0,,110.3,120.2,,110.5,120.4,120.2,125.0,123.9,126.3,116.8,121.1,118.7,,121.2
Jul-19,96.4,135.1,111.4,129.4,111.8,116.2,116.3,126.5,115.2,122.5,125.2,118.9,99.0,120.7,114.2,132.4,120.5,118.6,102.3,96.4,117.5,115.6,120.6,118.4,129.3,127.5,110.4,111.6,121.1,106.6,123.6,105.7,96.7,,111.1,120.8,,110.8,122.1,121.2,125.9,124.6,127.6,118.8,121.8,121.3,,122.5
Aug-19,103.7,136.1,114.6,129.0,115.0,118.3,114.0,126.5,114.8,124.2,124.9,121.1,99.4,119.6,115.0,132.3,120.2,120.7,104.3,94.8,118.6,117.9,122.4,121.6,130.3,129.1,110.6,110.8,119.6,108.8,125.8,106.5,92.2,,111.5,121.8,,112.2,123.3,121.6,127.1,126.2,127.3,117.3,121.9,121.3,,122.9
Sep-19,102.6,138.5,115.1,127.2,118.7,118.4,112.0,126.7,114.5,122.4,127.1,121.6,100.0,121.7,115.9,131.9,122.1,121.9,106.1,92.0,117.7,117.6,123.1,121.4,132.7,126.9,109.0,112.9,120.9,110.6,127.6,108.8,92.8,,112.4,122.1,,112.6,122.8,121.5,126.8,126.3,127.8,118.4,122.2,121.6,,123.1
Oct-19,104.7,137.8,115.1,126.8,117.0,117.8,106.4,126.7,115.3,124.1,126.6,119.5,97.2,121.1,116.2,132.1,122.1,124.0,104.1,89.5,114.0,116.3,123.3,119.7,132.7,125.9,108.5,114.2,120.4,110.8,128.2,108.1,93.8,,111.6,121.9,,110.4,122.6,122.1,126.7,126.0,127.4,117.3,121.7,121.5,,122.7
Nov-19,98.6,138.4,114.9,127.3,103.1,117.1,108.3,127.5,114.6,124.2,128.0,118.2,96.2,121.7,115.4,131.5,123.1,122.2,101.8,89.2,114.9,117.1,121.4,117.3,130.6,126.5,109.2,113.8,122.0,110.7,129.1,108.6,97.3,,111.4,121.4,,110.5,122.1,121.1,126.8,126.1,126.5,116.4,121.7,120.5,,122.2
Dec-19,96.7,136.2,113.3,129.3,100.7,117.5,105.8,128.8,113.7,126.2,125.9,116.9,97.4,122.2,114.5,131.3,122.2,122.9,104.1,93.2,114.6,118.0,121.4,116.6,129.8,129.3,109.9,113.7,121.4,111.5,129.9,109.1,99.5,,111.9,121.4,,110.4,121.4,121.7,126.6,125.0,127.3,118.9,121.3,120.4,,122.3
Jan-20,98.8,137.7,113.1,128.6,101.3,116.4,107.5,129.0,113.3,123.3,125.2,118.4,98.7,121.3,114.5,130.0,122.5,122.8,108.0,95.2,114.7,118.6,120.4,117.7,131.5,129.1,111.0,112.3,120.8,113.5,131.1,109.3,103.3,,112.9,121.2,,108.7,121.0,120.8,127.0,126.7,126.5,118.1,121.5,121.0,,122.2
Feb-20,102.0,137.7,112.1,129.5,110.6,116.1,106.0,129.0,113.4,123.4,125.2,121.4,100.6,118.6,115.3,130.9,122.1,123.0,108.5,100.4,113.7,117.5,121.3,118.0,133.5,128.4,110.7,111.0,121.3,116.3,128.8,110.1,103.8,,113.6,121.5,,108.4,121.1,120.7,125.9,125.4,126.6,117.8,120.1,120.4,,121.6
Mar-20,108.1,136.4,113.2,129.6,110.6,115.7,110.1,127.9,116.2,124.3,124.3,123.1,98.3,119.0,115.3,131.3,123.6,122.2,105.6,101.9,113.8,116.8,121.3,120.3,133.1,129.3,111.1,111.5,122.0,117.4,128.7,110.2,103.3,,113.8,121.8,,109.5,122.5,121.4,127.4,125.8,126.2,119.8,122.0,121.9,,122.8
Apr-20,117.2,132.5,115.0,130.7,111.4,116.1,112.2,127.6,115.6,125.3,125.4,122.8,94.9,119.1,116.0,132.4,121.7,120.1,104.0,103.3,114.2,113.9,121.5,119.9,132.1,129.2,113.2,112.6,122.6,114.9,130.2,110.4,105.9,,113.4,122.2,,105.2,120.5,117.6,127.0,122.9,127.3,118.2,122.8,120.5,,121.5
May-20,117.1,132.0,114.4,129.7,114.4,114.3,112.2,128.7,114.7,124.2,124.9,123.3,92.8,118.9,115.3,132.1,123.1,119.2,102.5,103.2,113.7,115.1,122.9,122.0,134.5,128.9,116.2,116.2,121.4,113.6,132.0,109.6,98.4,,113.1,122.2,,109.3,120.7,121.2,126.6,126.1,127.1,117.5,121.1,120.4,,122.0
Jun-20,111.2,135.9,113.1,130.4,114.9,114.1,110.0,128.9,113.6,122.6,123.3,123.4,98.5,118.0,114.5,133.6,122.0,118.6,104.0,99.1,112.5,117.0,124.3,123.2,136.7,127.4,117.9,114.5,121.2,110.3,132.8,107.0,99.5,,112.8,122.0,,110.7,124.1,123.3,129.2,126.9,127.8,119.1,121.6,121.8,,123.6
Jul-20,100.4,137.7,112.6,131.5,114.8,115.1,106.3,130.5,114.8,123.0,122.4,126.7,103.5,118.5,115.8,134.5,123.8,118.7,106.3,100.7,113.9,121.3,123.6,124.5,136.8,128.0,116.4,114.1,121.9,111.2,131.5,107.5,94.9,,113.5,122.6,,111.6,125.9,123.9,130.4,128.3,128.0,120.1,123.0,123.8,,124.8
Aug-20,105.7,138.1,114.2,132.9,117.7,116.5,108.6,129.7,117.6,126.1,122.8,125.5,104.7,124.2,116.9,134.5,124.1,122.6,110.0,101.0,117.1,122.6,123.4,124.6,134.3,128.9,116.2,113.2,122.7,113.2,132.7,110.1,99.9,,115.1,123.8,,112.3,127.4,125.6,130.7,129.8,129.7,121.5,124.4,124.6,,126.1
Sep-20,102.2,136.7,115.5,132.0,123.6,117.2,110.1,130.6,118.6,126.9,126.4,129.2,101.7,125.2,118.0,133.4,124.5,125.9,111.4,102.0,117.6,123.4,125.1,124.8,132.9,130.8,116.3,114.3,124.4,116.4,134.8,113.5,96.2,,116.2,124.9,,115.1,128.2,126.2,131.2,130.6,131.4,122.4,125.3,126.7,,127.3
Oct-20,105.2,137.6,115.0,132.0,123.9,117.5,108.3,131.1,118.6,128.8,126.7,125.9,98.9,128.6,117.8,133.0,125.5,127.9,111.1,98.4,116.5,122.9,127.5,127.4,134.7,131.6,116.2,115.4,125.2,117.2,137.8,113.0,92.6,,115.9,125.4,,115.0,130.7,128.0,133.0,131.6,130.9,120.7,125.5,127.7,,128.0
Nov-20,98.4,137.9,114.8,132.5,122.5,119.9,105.9,132.1,119.5,128.1,128.1,126.4,101.0,127.3,119.0,134.0,126.1,129.3,108.5,99.5,115.4,122.7,128.9,129.3,135.4,134.4,116.5,117.8,126.8,115.2,138.7,111.8,92.0,,115.7,126.3,,117.2,131.3,130.8,134.7,132.6,131.4,122.8,127.1,128.3,,129.4
Dec-20,101.8,140.1,114.5,134.7,117.8,121.4,102.3,131.6,120.2,130.4,126.4,124.3,97.6,127.9,120.4,135.7,128.7,127.9,107.5,101.8,116.1,121.1,128.7,130.2,137.3,135.7,116.1,120.6,127.7,114.1,139.4,109.5,91.8,,115.0,126.9,,118.6,133.6,131.7,136.4,134.6,133.2,122.7,127.5,129.9,,130.6
Jan-21,96.0,141.1,116.3,136.1,119.5,122.5,104.5,132.7,120.6,131.7,129.9,125.0,99.0,127.1,121.8,136.6,129.1,128.7,109.0,101.5,117.2,122.4,129.7,129.0,138.5,137.7,115.8,119.2,128.3,114.8,139.4,108.6,95.7,,115.6,127.9,,119.5,134.6,132.9,136.6,134.4,132.2,123.3,126.5,128.4,,130.5
Feb-21,91.0,141.1,116.8,137.4,117.6,121.9,103.8,133.3,120.0,132.6,130.8,123.5,97.4,123.6,124.0,137.4,129.2,128.8,111.2,96.4,117.7,121.6,129.9,126.3,141.0,137.7,113.1,114.5,129.2,121.8,140.3,105.6,99.1,,115.1,128.0,,120.5,136.7,133.7,138.3,136.2,132.8,122.4,126.6,129.0,,131.3
Mar-21,90.1,138.8,118.1,137.9,117.6,122.3,105.1,135.1,120.7,133.1,132.0,121.6,100.4,120.9,125.4,136.4,128.3,131.1,112.4,93.3,119.1,124.1,130.1,126.2,143.3,137.2,112.9,112.8,129.3,126.9,140.7,104.8,102.7,,115.9,128.5,,122.6,138.9,134.8,138.9,137.3,133.7,124.5,128.3,130.8,,132.9
Apr-21,93.0,138.7,117.1,138.2,114.7,123.6,105.2,135.3,121.0,132.4,129.9,118.4,102.8,118.0,126.4,136.9,129.2,133.6,109.4,91.2,118.6,123.1,128.6,125.8,140.8,137.2,113.0,111.2,129.6,128.8,139.7,103.1,101.5,,114.7,128.5,,120.7,136.2,132.1,137.0,135.3,132.5,121.9,127.1,129.4,,131.0
May-21,94.3,138.8,117.5,138.3,116.0,124.4,107.3,135.7,121.0,131.6,130.7,116.1,103.0,118.1,125.2,137.3,129.0,131.0,107.3,93.1,118.4,124.3,126.2,125.7,138.6,137.0,114.5,111.0,129.2,126.6,138.9,104.0,98.2,,114.2,128.6,,120.6,136.6,133.6,137.6,136.3,132.6,121.8,127.6,128.0,,131.2
Jun-21,97.1,141.4,119.1,139.4,118.0,125.8,106.2,136.6,121.7,132.1,133.8,118.8,102.1,118.8,125.0,138.0,129.8,131.9,106.0,91.1,119.5,121.5,125.9,125.7,140.0,138.8,114.5,109.5,130.1,127.5,138.2,104.5,93.6,,113.5,129.6,,130.7,147.9,143.6,145.6,145.1,138.7,125.4,133.0,137.3,,139.0
Jul-21,114.5,138.5,120.1,140.8,118.4,126.1,112.2,134.8,121.7,132.0,130.1,126.0,108.8,118.6,124.7,136.6,128.6,127.7,107.4,100.6,117.4,118.7,123.6,124.6,140.7,138.1,118.9,105.7,131.6,127.7,137.7,106.6,103.4,,115.6,129.1,,121.1,135.7,131.9,137.1,136.7,132.9,123.6,127.3,126.0,,130.9
Aug-21,119.1,140.0,123.6,142.6,116.5,126.7,111.8,134.4,122.2,133.7,132.0,131.0,114.0,121.4,124.8,137.1,128.5,130.3,110.7,110.1,118.9,117.6,124.5,126.3,141.6,138.9,121.3,105.3,133.3,129.7,137.6,108.8,114.4,,118.4,130.2,,123.6,140.9,136.4,141.5,140.1,137.4,127.2,131.5,132.7,,135.4
Sep-21,117.4,140.6,123.6,142.7,116.2,126.8,112.7,134.1,121.8,133.7,130.1,128.7,116.0,121.7,125.1,139.7,129.5,129.2,111.6,115.4,119.0,118.3,123.7,127.0,139.2,139.0,121.5,105.8,134.6,128.2,138.4,109.7,115.6,,118.8,130.4,,132.3,147.9,143.4,146.9,144.4,140.4,126.3,135.5,138.3,,140.0
Oct-21,103.0,144.3,124.7,143.8,115.0,127.2,107.6,136.1,126.1,135.7,135.3,120.8,107.5,123.2,123.4,141.0,129.8,131.5,115.1,116.3,124.0,120.5,126.7,130.2,137.4,142.0,122.0,108.2,134.9,128.0,139.4,110.1,110.7,,118.1,132.1,,123.2,139.9,135.5,143.9,139.4,138.4,125.7,132.7,134.5,,135.7
Nov-21,115.4,143.4,124.7,144.9,117.3,128.1,111.9,138.2,127.0,136.7,132.8,118.2,102.7,121.7,124.8,142.4,131.3,130.8,114.9,110.2,124.7,121.0,126.5,130.7,137.8,142.5,121.1,109.9,134.5,129.4,139.3,110.2,109.4,,117.7,132.6,,124.7,144.4,139.7,146.1,143.0,141.6,127.7,135.1,138.4,,138.8
Dec-21,129.8,143.0,126.0,145.9,116.9,128.4,113.6,138.8,127.2,137.4,133.3,119.5,101.0,120.7,127.1,141.8,130.5,130.4,116.4,107.4,123.8,121.1,125.4,132.6,137.9,142.5,123.6,109.6,133.7,132.0,138.7,110.3,115.5,,118.3,133.0,,126.4,146.5,140.9,147.6,145.2,141.8,127.7,135.9,138.9,,139.9
Jan-22,133.3,146.4,126.5,146.5,118.4,129.1,114.8,139.3,125.9,137.0,134.8,125.7,102.4,123.5,129.4,143.9,132.2,131.7,111.6,104.4,123.3,121.2,125.9,131.1,140.9,143.4,123.1,112.1,134.9,133.8,138.6,111.2,116.9,,119.4,133.7,,126.7,147.6,142.1,148.6,145.4,143.4,128.3,138.1,141.9,,141.3
Feb-22,124.2,149.0,126.6,147.4,118.2,130.1,112.9,139.2,125.8,136.6,135.4,126.5,103.6,125.0,131.0,144.7,132.9,132.5,111.5,104.6,123.5,122.6,126.9,129.9,140.3,144.3,124.5,112.4,136.4,129.9,139.3,111.5,112.7,,119.3,134.3,,126.8,147.7,143.3,149.5,146.8,144.8,128.5,138.0,142.0,,141.8
Mar-22,114.8,149.4,126.4,148.2,118.1,130.5,114.0,139.9,125.7,137.5,134.8,126.1,103.1,125.2,128.8,145.5,134.2,131.6,112.4,109.8,125.1,120.8,128.1,127.4,140.9,144.5,125.1,111.6,137.4,126.3,139.1,112.5,112.9,,119.3,134.5,,129.3,148.5,142.9,150.7,148.3,144.5,128.2,138.8,142.3,,142.3
Apr-22,118.0,147.8,128.1,148.7,120.9,131.2,113.0,140.4,125.2,139.3,132.7,121.9,103.5,123.0,127.5,148.0,133.9,132.7,115.4,115.2,125.8,121.0,127.2,128.2,139.6,145.1,125.7,111.6,137.5,126.2,139.7,113.8,112.6,,119.4,135.1,,130.2,150.8,144.3,151.9,148.9,146.0,129.5,139.1,144.7,,143.7
May-22,114.1,148.5,127.6,148.8,122.5,132.4,109.9,140.6,126.1,141.5,135.4,122.2,104.0,123.6,127.8,149.3,134.2,133.5,115.9,115.6,126.9,119.6,127.2,129.4,141.8,142.0,124.7,111.9,139.0,125.1,140.8,113.3,109.7,,119.0,135.8,,130.9,152.2,147.6,153.7,151.0,147.8,129.1,141.3,147.2,,145.4
Jun-22,113.5,153.2,129.7,151.9,124.0,134.9,108.9,141.1,127.9,141.1,140.6,123.8,107.4,124.5,134.8,149.7,136.0,137.9,113.0,115.8,126.6,120.8,129.5,130.7,146.7,143.8,125.9,114.3,141.7,125.9,143.3,113.7,109.5,,120.0,137.9,,133.1,153.4,149.1,156.6,151.7,148.7,133.2,142.9,146.3,,147.0
Jul-22,112.1,155.4,129.5,153.5,127.1,136.0,111.0,142.5,130.2,141.2,144.0,127.6,108.5,125.8,138.4,150.4,137.9,138.4,111.5,114.5,129.9,122.1,132.2,133.0,150.4,145.9,124.8,116.2,144.4,126.3,147.4,114.1,107.9,,121.1,139.5,,136.4,157.6,151.8,158.0,156.4,151.4,133.9,145.2,151.1,,149.9
Aug-22,119.4,156.6,131.5,155.7,128.8,138.0,113.6,145.3,131.2,141.2,145.2,129.1,111.0,126.8,139.5,151.4,139.2,141.3,113.9,115.6,131.4,126.0,134.8,134.9,149.9,150.7,128.7,117.2,145.4,129.0,150.7,116.7,110.1,,123.3,141.5,,136.7,158.6,152.7,160.5,156.8,152.9,135.3,146.8,153.6,,151.3
Sep-22,118.0,155.3,130.6,156.5,132.1,138.3,112.4,146.7,132.2,142.5,144.6,129.7,110.5,129.6,135.1,153.5,140.1,144.5,115.9,116.3,134.6,127.8,133.4,136.1,147.5,150.3,129.0,117.5,145.4,131.1,151.7,116.6,110.2,,123.7,142.2,,137.7,160.4,153.7,160.6,158.0,153.4,135.0,147.2,153.8,,151.9
Oct-22,119.9,156.3,130.7,158.1,131.3,139.5,110.7,147.1,132.1,144.1,144.4,129.0,108.7,129.4,134.3,154.3,141.3,147.0,115.7,107.4,134.3,127.9,132.4,135.2,147.8,149.3,129.1,116.5,144.5,130.6,152.1,115.7,108.9,,122.6,142.6,,138.0,159.7,154.4,161.1,159.0,153.4,133.1,147.1,153.7,,151.8
Nov-22,123.6,157.8,128.7,158.4,129.9,139.0,109.5,146.2,134.8,144.6,143.0,128.0,104.5,129.6,134.6,156.2,141.8,146.6,113.7,104.8,133.2,125.2,132.9,136.2,149.6,149.2,126.0,116.5,144.7,126.8,151.0,113.7,113.7,,121.4,142.3,,137.4,160.4,154.5,161.7,158.0,154.0,133.4,146.8,153.8,,151.9
Dec-22,119.7,159.6,128.6,158.1,127.5,138.8,111.4,145.9,134.1,144.4,141.3,124.9,104.4,127.9,134.9,157.2,141.2,142.9,112.1,99.3,131.3,123.6,135.2,135.7,149.1,150.3,124.1,115.4,144.1,123.1,150.3,112.7,114.7,,120.4,141.7,,136.2,159.3,154.1,162.1,157.9,153.2,132.6,146.9,151.0,,151.1
Jan-23,118.0,159.0,129.3,156.4,125.9,137.6,110.9,147.1,135.3,141.7,141.2,125.1,111.2,128.6,134.8,156.5,141.6,143.7,111.1,103.9,130.9,122.7,133.2,135.5,149.2,150.0,125.1,116.0,145.5,122.8,149.0,112.7,121.3,,121.1,141.5,,136.5,156.5,150.6,159.4,155.9,150.7,133.7,145.4,149.7,,149.5
Feb-23,105.0,156.5,130.6,156.2,122.8,136.0,112.2,146.2,133.4,139.8,143.4,124.9,115.7,126.5,133.0,155.7,141.4,143.7,108.6,102.9,130.1,122.5,131.9,135.8,147.0,147.5,127.0,112.8,144.1,124.0,148.8,113.0,119.6,,120.6,140.9,,132.4,155.1,150.1,158.4,157.3,151.4,131.6,143.8,149.6,,148.5
Mar-23,113.0,155.5,129.9,154.9,121.8,134.2,110.2,143.4,130.8,137.7,142.0,128.6,119.8,125.7,131.2,153.2,139.0,141.9,109.4,105.4,130.7,123.1,129.4,134.3,143.3,146.2,126.2,110.4,143.7,122.7,146.8,111.5,117.7,,120.0,139.3,,130.4,153.3,146.8,156.7,151.5,149.2,129.1,142.9,148.4,,146.3
Apr-23,109.7,156.6,127.8,154.4,122.1,134.6,113.1,140.3,129.7,136.9,137.1,127.0,116.7,124.3,128.2,152.5,136.5,140.3,111.3,101.6,129.2,123.3,131.3,134.4,141.3,144.4,125.3,107.9,142.3,120.7,147.0,110.2,116.4,,119.1,138.0,,132.7,153.2,148.7,156.8,152.4,147.5,130.2,142.6,147.9,,146.5
May-23,118.0,157.2,125.3,152.4,122.0,134.1,110.4,139.0,128.5,136.8,131.5,129.0,115.7,125.7,127.7,150.9,135.0,137.9,113.2,103.8,128.8,122.4,128.5,132.9,142.5,141.3,124.8,109.8,141.8,118.1,145.0,109.9,118.0,,119.0,136.5,,132.1,154.4,147.7,156.0,153.9,146.8,129.0,142.0,147.9,,146.3
Jun-23,122.0,156.1,124.3,151.5,122.1,134.1,112.6,138.2,129.0,136.0,132.1,128.7,112.2,129.0,127.2,150.7,135.5,139.8,113.1,106.6,127.9,120.7,128.8,134.4,144.5,138.5,126.0,110.8,140.7,117.2,145.4,110.4,119.1,,119.4,136.3,,134.6,155.8,151.0,159.1,154.8,148.4,129.3,142.4,147.7,,147.6
Jul-23,119.4,154.3,125.1,152.5,120.8,134.2,108.8,138.7,128.7,137.0,135.0,130.1,111.4,130.0,128.5,151.0,135.5,139.2,113.5,104.8,126.7,122.3,130.1,135.6,145.1,140.2,126.7,111.2,140.3,114.6,144.1,110.5,113.5,,118.9,136.7,,135.2,157.0,152.9,158.9,156.3,149.7,130.1,143.5,149.0,,148.7
Aug-23,111.5,154.6,126.5,151.8,125.1,134.5,111.0,140.0,129.8,138.5,139.1,125.5,108.7,130.2,129.4,150.4,136.9,142.9,114.3,104.0,128.0,124.1,132.6,136.0,145.0,146.8,127.1,110.6,140.2,115.6,146.0,110.9,108.9,,118.7,138.1,,140.0,157.9,155.2,160.9,157.9,149.9,131.3,144.3,150.9,,150.2
Sep-23,108.7,153.6,127.4,152.0,125.6,134.7,108.3,141.6,129.4,141.3,137.5,124.3,109.2,129.4,129.9,151.1,136.8,147.1,114.8,100.2,128.2,127.5,135.2,135.2,149.5,151.6,127.8,113.0,141.6,116.2,146.6,112.9,104.5,,119.2,138.9,,136.8,158.1,151.9,159.6,157.4,149.7,131.3,143.6,149.3,,149.2
Oct-23,110.6,154.1,126.2,150.4,126.7,134.6,109.9,139.4,127.9,139.9,135.8,126.5,104.7,127.9,132.0,150.4,136.3,145.4,115.5,104.8,129.3,125.8,133.6,134.2,150.1,150.2,127.8,112.6,142.0,115.8,147.5,112.9,105.0,,119.1,138.3,,137.6,158.5,154.4,159.1,156.4,149.0,128.9,143.3,150.1,,149.1
Nov-23,103.1,155.4,126.9,151.7,125.3,133.3,107.6,136.7,124.7,140.1,135.3,127.9,103.7,127.2,132.2,149.3,136.8,144.1,113.6,96.6,128.5,124.3,132.8,135.3,151.6,148.9,126.5,113.5,139.6,114.2,145.9,114.0,102.2,,117.9,137.4,,137.6,158.1,152.6,159.9,156.3,149.9,128.4,143.8,149.5,,148.9
Dec-23,94.2,152.8,125.6,148.2,120.8,133.7,111.4,136.5,126.6,136.7,138.4,125.4,99.4,122.5,128.9,149.2,135.8,136.8,112.7,91.3,128.3,118.5,130.9,132.2,149.9,145.8,126.9,112.3,139.0,115.5,141.6,110.5,97.4,,115.2,136.1,,134.5,159.0,150.5,158.6,155.8,145.7,125.4,140.1,146.7,,146.6
Jan-24,91.3,146.4,125.5,149.7,125.8,135.4,103.6,135.9,125.0,136.2,141.6,127.4,98.9,127.1,128.7,151.0,133.8,137.5,107.0,91.2,126.7,116.8,127.8,133.6,143.8,147.1,126.1,115.0,136.6,118.0,148.7,110.6,95.9,,114.3,136.5,,132.3,158.1,149.5,156.5,156.8,147.4,128.5,140.9,148.9,,147.2